序号,提交答卷时间,所用时间,来源,来源详情,来自IP,1、您的性别：,2、您的年龄段：,3、您的职业：,4、您的文化程度为：,5、您现在的居住地区是：,6、您的每月收入大约在：,7、你是否了解并消费过天麻及其加工产品：,8、(养生保健),8、(会客礼仪),8、(食用/调味),8、(响应潮流),8、(其它),9、(连锁药房),9、(特产专卖店),9、(大型超市/商场),9、(电商平台/直播平台),9、(原产地种植户),9、(餐馆),9、(批发市场),9、(其它),10、(云南昭通彝良小草坝天麻),10、(贵州大方天麻),10、(长白山天麻),10、(长江三峡神农架天麻),10、(西藏林芝天麻),10、(四川青川天麻),10、(西藏波密天麻),10、(其它),11、(自用),11、(送礼),11、(为家人购买),11、(其它),12、(普通包装),12、(精美包装),12、(散装),13、您一次性购买或消费的天麻产品，其份量大约为：,14、您能接受的天麻价格范围（元/500g）,15、您在一年之内消费天麻及其相关产品的次数：,16、您一年消费的天麻总量大约为多少克？,17、近一年来，您消费天麻及其相关产品的支出为：,18、对于目前市场上您较多购买或者喜爱的天麻产品的价格评价：,19、请您按照各个项目在您购买天麻、消费天麻的过程中的重视程度进行打分评价，请在对应处点击即可。―价格,19、产地,19、包装,19、功效,19、口碑,19、营养价值,19、野生价值,19、商家服务,19、购买渠道,19、知名度,19、信誉度,19、广告宣传,19、售后,19、购买方便性,19、安全性,20、(价格不符合预期),20、(功效不高),20、(没接触过),20、(太麻烦),21、您是否了解彝良小草坝天麻？,22、如果您没有购买过彝良小草坝天麻，您是否愿意尝试一下？,总分
1,2023/3/8 14:56:41,32秒,手机提交,直接访问,223.104.240.209(云南-昆明),2,2,1,4,19,1,2,-3,-3,-3,-3,-3,-3,-3,-3,-3,-3,-3,-3,-3,-3,-3,-3,-3,-3,-3,-3,-3,-3,-3,-3,-3,-3,-3,-3,-3,-3,-3,-3,-3,-3,-3,-3,-3,-3,-3,-3,-3,-3,-3,-3,-3,-3,-3,-3,-3,0,0,1,0,2,1,2
2,2023/3/8 15:00:11,118秒,手机提交,直接访问,39.129.5.16(云南-昆明),2,2,1,4,25,1,1,1,0,1,0,0,1,0,0,1,0,1,0,0,1,0,0,0,0,0,0,0,1,0,0,0,1,0,0,2,2,2,2,2,1,4,4,2,4,4,4,3,3,2,3,4,3,3,3,4,-3,-3,-3,-3,3,1,53
3,2023/3/8 15:02:11,32秒,微信,N/A,220.197.232.91(云南-昆明),2,2,1,4,19,1,3,-3,-3,-3,-3,-3,-3,-3,-3,-3,-3,-3,-3,-3,-3,-3,-3,-3,-3,-3,-3,-3,-3,-3,-3,-3,-3,-3,-3,-3,-3,-3,-3,-3,-3,-3,-3,-3,-3,-3,-3,-3,-3,-3,-3,-3,-3,-3,-3,-3,0,0,1,0,1,1,1
4,2023/3/8 15:03:27,61秒,微信,N/A,106.61.244.30(云南-昆明),1,2,1,4,19,1,3,-3,-3,-3,-3,-3,-3,-3,-3,-3,-3,-3,-3,-3,-3,-3,-3,-3,-3,-3,-3,-3,-3,-3,-3,-3,-3,-3,-3,-3,-3,-3,-3,-3,-3,-3,-3,-3,-3,-3,-3,-3,-3,-3,-3,-3,-3,-3,-3,-3,0,0,1,0,1,1,1
5,2023/3/8 15:04:20,40秒,微信,N/A,210.36.46.173(广西-南宁),2,2,1,4,25,1,3,-3,-3,-3,-3,-3,-3,-3,-3,-3,-3,-3,-3,-3,-3,-3,-3,-3,-3,-3,-3,-3,-3,-3,-3,-3,-3,-3,-3,-3,-3,-3,-3,-3,-3,-3,-3,-3,-3,-3,-3,-3,-3,-3,-3,-3,-3,-3,-3,-3,0,0,1,0,1,2,1
6,2023/3/8 15:06:40,56秒,手机提交,直接访问,39.129.5.11(云南-昆明),1,2,1,3,19,1,3,-3,-3,-3,-3,-3,-3,-3,-3,-3,-3,-3,-3,-3,-3,-3,-3,-3,-3,-3,-3,-3,-3,-3,-3,-3,-3,-3,-3,-3,-3,-3,-3,-3,-3,-3,-3,-3,-3,-3,-3,-3,-3,-3,-3,-3,-3,-3,-3,-3,0,0,1,0,1,2,1
7,2023/3/8 15:10:58,62秒,微信,N/A,39.144.190.88(湖南-长沙),1,2,1,4,14,2,1,1,0,1,0,0,0,1,0,0,1,0,0,0,1,0,0,0,0,0,0,0,1,1,0,0,1,0,1,2,2,2,2,3,1,4,4,4,4,4,4,3,3,4,4,3,3,3,3,3,-3,-3,-3,-3,3,1,56
8,2023/3/8 15:11:15,33秒,手机提交,直接访问,39.144.145.194(云南-昆明),1,2,1,4,19,1,3,-3,-3,-3,-3,-3,-3,-3,-3,-3,-3,-3,-3,-3,-3,-3,-3,-3,-3,-3,-3,-3,-3,-3,-3,-3,-3,-3,-3,-3,-3,-3,-3,-3,-3,-3,-3,-3,-3,-3,-3,-3,-3,-3,-3,-3,-3,-3,-3,-3,0,0,1,0,1,1,1
9,2023/3/8 15:12:17,235秒,微信,N/A,222.136.121.73(河南-濮阳),2,5,4,4,12,2,1,1,0,1,0,0,1,1,0,0,1,0,0,0,0,0,0,0,0,1,0,0,1,0,0,0,1,0,0,4,2,2,4,3,1,4,3,3,4,4,4,4,4,3,3,4,3,3,3,4,-3,-3,-3,-3,1,1,54
10,2023/3/8 15:14:37,110秒,微信,N/A,153.119.47.56(山东-济南),1,2,1,4,11,4,1,1,0,1,0,0,1,0,0,1,0,0,0,0,1,0,1,0,0,0,0,0,1,1,0,0,0,1,0,3,3,2,4,4,1,3,5,4,5,4,5,5,4,4,5,5,5,5,5,5,-3,-3,-3,-3,3,1,72
11,2023/3/8 15:18:01,284秒,微信,N/A,39.144.81.54(天津-天津),1,5,5,4,12,2,1,0,0,0,0,1,0,0,1,0,0,0,0,0,1,0,0,0,0,0,0,0,1,0,0,0,1,0,0,2,2,2,2,2,1,3,3,3,3,3,3,3,3,3,3,3,3,3,3,3,-3,-3,-3,-3,3,1,48
12,2023/3/8 15:19:55,35秒,微信,N/A,223.104.150.67(江苏-南京),2,2,1,4,6,1,3,-3,-3,-3,-3,-3,-3,-3,-3,-3,-3,-3,-3,-3,-3,-3,-3,-3,-3,-3,-3,-3,-3,-3,-3,-3,-3,-3,-3,-3,-3,-3,-3,-3,-3,-3,-3,-3,-3,-3,-3,-3,-3,-3,-3,-3,-3,-3,-3,-3,0,0,1,0,1,1,1
13,2023/3/8 15:22:35,90秒,微信,N/A,171.40.48.178(湖北-孝感),2,5,4,4,13,2,3,-3,-3,-3,-3,-3,-3,-3,-3,-3,-3,-3,-3,-3,-3,-3,-3,-3,-3,-3,-3,-3,-3,-3,-3,-3,-3,-3,-3,-3,-3,-3,-3,-3,-3,-3,-3,-3,-3,-3,-3,-3,-3,-3,-3,-3,-3,-3,-3,-3,0,0,1,0,1,2,1
14,2023/3/8 15:27:38,99秒,手机提交,直接访问,39.144.156.125(江苏-南京),1,2,1,4,30,3,1,1,1,0,0,0,1,0,0,1,0,0,0,0,1,1,0,1,0,0,1,0,1,1,1,0,1,0,0,3,2,2,4,3,1,4,5,3,5,5,5,5,3,3,4,4,3,4,4,5,-3,-3,-3,-3,4,1,66
15,2023/3/8 15:33:50,143秒,手机提交,直接访问,106.61.156.220(云南-昆明),1,2,1,4,19,1,1,1,0,1,0,0,0,0,0,0,1,1,0,0,1,0,0,0,0,0,0,0,1,1,0,0,1,1,0,6,1,2,6,3,1,5,5,3,5,5,5,5,4,3,5,5,1,2,5,5,-3,-3,-3,-3,3,1,66
16,2023/3/8 15:35:27,50秒,微信,N/A,1.191.71.139(黑龙江-牡丹江),2,6,6,3,3,1,3,-3,-3,-3,-3,-3,-3,-3,-3,-3,-3,-3,-3,-3,-3,-3,-3,-3,-3,-3,-3,-3,-3,-3,-3,-3,-3,-3,-3,-3,-3,-3,-3,-3,-3,-3,-3,-3,-3,-3,-3,-3,-3,-3,-3,-3,-3,-3,-3,-3,0,0,1,0,1,2,1
17,2023/3/8 15:36:24,135秒,手机提交,直接访问,106.61.156.220(云南-昆明),1,2,1,4,19,1,1,0,1,1,0,0,0,0,0,0,1,1,0,0,1,0,0,0,0,0,0,0,1,1,0,0,1,1,0,6,4,2,6,3,1,5,5,3,5,5,5,5,3,3,5,5,3,3,5,5,-3,-3,-3,-3,5,1,70
18,2023/3/8 15:37:22,40秒,微信,N/A,171.40.48.178(湖北-孝感),2,5,4,4,13,2,3,-3,-3,-3,-3,-3,-3,-3,-3,-3,-3,-3,-3,-3,-3,-3,-3,-3,-3,-3,-3,-3,-3,-3,-3,-3,-3,-3,-3,-3,-3,-3,-3,-3,-3,-3,-3,-3,-3,-3,-3,-3,-3,-3,-3,-3,-3,-3,-3,-3,0,0,1,0,1,2,1
19,2023/3/8 15:49:04,378秒,微信,N/A,221.192.179.138(河北-石家庄),2,5,2,3,1,2,3,-3,-3,-3,-3,-3,-3,-3,-3,-3,-3,-3,-3,-3,-3,-3,-3,-3,-3,-3,-3,-3,-3,-3,-3,-3,-3,-3,-3,-3,-3,-3,-3,-3,-3,-3,-3,-3,-3,-3,-3,-3,-3,-3,-3,-3,-3,-3,-3,-3,0,0,1,0,1,1,1
20,2023/3/8 15:57:17,63秒,微信,N/A,223.104.122.114(湖北-武汉),2,6,6,2,13,1,2,-3,-3,-3,-3,-3,-3,-3,-3,-3,-3,-3,-3,-3,-3,-3,-3,-3,-3,-3,-3,-3,-3,-3,-3,-3,-3,-3,-3,-3,-3,-3,-3,-3,-3,-3,-3,-3,-3,-3,-3,-3,-3,-3,-3,-3,-3,-3,-3,-3,0,0,1,0,3,1,3
21,2023/3/8 16:03:53,39秒,微信,N/A,124.232.22.135(湖南-长沙),1,2,1,4,1,3,1,1,1,1,1,0,0,0,0,1,0,0,0,0,0,0,1,0,0,0,0,0,0,0,1,0,0,1,0,3,3,2,2,2,1,4,4,4,4,4,4,4,4,4,4,4,4,4,4,4,-3,-3,-3,-3,4,1,64
22,2023/3/8 16:30:14,68秒,微信,N/A,61.138.220.36(云南-玉溪),1,6,3,4,19,2,3,-3,-3,-3,-3,-3,-3,-3,-3,-3,-3,-3,-3,-3,-3,-3,-3,-3,-3,-3,-3,-3,-3,-3,-3,-3,-3,-3,-3,-3,-3,-3,-3,-3,-3,-3,-3,-3,-3,-3,-3,-3,-3,-3,-3,-3,-3,-3,-3,-3,0,0,1,0,1,2,1
23,2023/3/8 16:38:36,272秒,微信,N/A,110.52.233.245(湖南-岳阳),1,6,4,4,14,2,1,1,0,0,0,0,1,1,1,0,0,0,0,0,1,0,1,0,0,0,0,0,1,1,0,0,1,0,1,5,2,2,5,3,2,5,3,2,5,5,5,3,4,4,3,4,3,4,4,4,-3,-3,-3,-3,3,1,61
24,2023/3/8 16:41:28,48秒,微信,N/A,42.102.117.44(黑龙江-大庆),2,5,3,4,3,2,2,-3,-3,-3,-3,-3,-3,-3,-3,-3,-3,-3,-3,-3,-3,-3,-3,-3,-3,-3,-3,-3,-3,-3,-3,-3,-3,-3,-3,-3,-3,-3,-3,-3,-3,-3,-3,-3,-3,-3,-3,-3,-3,-3,-3,-3,-3,-3,-3,-3,0,0,1,0,1,2,1
25,2023/3/8 16:43:08,79秒,微信,N/A,112.224.155.222(山东-未知),1,5,4,4,11,3,3,-3,-3,-3,-3,-3,-3,-3,-3,-3,-3,-3,-3,-3,-3,-3,-3,-3,-3,-3,-3,-3,-3,-3,-3,-3,-3,-3,-3,-3,-3,-3,-3,-3,-3,-3,-3,-3,-3,-3,-3,-3,-3,-3,-3,-3,-3,-3,-3,-3,0,0,1,0,1,1,1
26,2023/3/8 16:50:19,46秒,微信,N/A,180.113.220.165(江苏-无锡),2,5,3,4,6,3,3,-3,-3,-3,-3,-3,-3,-3,-3,-3,-3,-3,-3,-3,-3,-3,-3,-3,-3,-3,-3,-3,-3,-3,-3,-3,-3,-3,-3,-3,-3,-3,-3,-3,-3,-3,-3,-3,-3,-3,-3,-3,-3,-3,-3,-3,-3,-3,-3,-3,0,0,1,0,5,1,5
27,2023/3/8 16:51:37,46秒,微信,N/A,218.6.162.241(四川-德阳),2,6,4,4,17,2,2,-3,-3,-3,-3,-3,-3,-3,-3,-3,-3,-3,-3,-3,-3,-3,-3,-3,-3,-3,-3,-3,-3,-3,-3,-3,-3,-3,-3,-3,-3,-3,-3,-3,-3,-3,-3,-3,-3,-3,-3,-3,-3,-3,-3,-3,-3,-3,-3,-3,0,0,1,0,2,2,2
28,2023/3/8 17:13:15,51秒,微信,N/A,139.205.32.124(四川-德阳),1,3,2,3,2,2,2,-3,-3,-3,-3,-3,-3,-3,-3,-3,-3,-3,-3,-3,-3,-3,-3,-3,-3,-3,-3,-3,-3,-3,-3,-3,-3,-3,-3,-3,-3,-3,-3,-3,-3,-3,-3,-3,-3,-3,-3,-3,-3,-3,-3,-3,-3,-3,-3,-3,0,0,1,0,1,2,1
29,2023/3/8 17:14:29,259秒,微信,N/A,221.214.142.166(山东-烟台),2,5,4,4,11,2,1,1,0,0,0,0,0,0,0,1,0,0,0,0,1,0,1,0,0,0,0,0,1,0,0,0,1,0,0,4,2,2,4,2,1,4,4,2,5,5,5,5,5,2,4,5,4,5,4,5,-3,-3,-3,-3,1,1,65
30,2023/3/8 17:19:05,71秒,微信,N/A,182.34.68.242(山东-烟台),2,5,4,4,11,2,3,-3,-3,-3,-3,-3,-3,-3,-3,-3,-3,-3,-3,-3,-3,-3,-3,-3,-3,-3,-3,-3,-3,-3,-3,-3,-3,-3,-3,-3,-3,-3,-3,-3,-3,-3,-3,-3,-3,-3,-3,-3,-3,-3,-3,-3,-3,-3,-3,-3,0,0,1,0,1,2,1
31,2023/3/8 17:20:14,37秒,微信,N/A,182.34.68.242(山东-烟台),2,5,4,4,11,2,3,-3,-3,-3,-3,-3,-3,-3,-3,-3,-3,-3,-3,-3,-3,-3,-3,-3,-3,-3,-3,-3,-3,-3,-3,-3,-3,-3,-3,-3,-3,-3,-3,-3,-3,-3,-3,-3,-3,-3,-3,-3,-3,-3,-3,-3,-3,-3,-3,-3,0,0,1,0,1,2,1
32,2023/3/8 17:26:44,189秒,微信,N/A,112.249.84.55(山东-烟台),2,5,4,4,11,2,1,1,0,1,0,0,1,1,0,0,1,0,0,0,1,0,1,0,0,0,0,0,1,0,0,0,1,0,0,4,2,2,2,2,1,3,4,4,5,5,5,5,5,5,5,5,4,5,4,5,-3,-3,-3,-3,1,1,70
33,2023/3/8 17:26:54,85秒,微信,N/A,112.224.194.84(山东-济南),2,5,4,4,11,2,3,-3,-3,-3,-3,-3,-3,-3,-3,-3,-3,-3,-3,-3,-3,-3,-3,-3,-3,-3,-3,-3,-3,-3,-3,-3,-3,-3,-3,-3,-3,-3,-3,-3,-3,-3,-3,-3,-3,-3,-3,-3,-3,-3,-3,-3,-3,-3,-3,-3,0,0,1,0,1,2,1
34,2023/3/8 17:29:20,64秒,微信,N/A,223.104.187.69(山东-青岛),2,5,4,4,11,2,3,-3,-3,-3,-3,-3,-3,-3,-3,-3,-3,-3,-3,-3,-3,-3,-3,-3,-3,-3,-3,-3,-3,-3,-3,-3,-3,-3,-3,-3,-3,-3,-3,-3,-3,-3,-3,-3,-3,-3,-3,-3,-3,-3,-3,-3,-3,-3,-3,-3,0,0,1,0,1,2,1
35,2023/3/8 17:32:27,447秒,微信,N/A,119.179.117.6(山东-烟台),2,7,6,3,11,3,2,-3,-3,-3,-3,-3,-3,-3,-3,-3,-3,-3,-3,-3,-3,-3,-3,-3,-3,-3,-3,-3,-3,-3,-3,-3,-3,-3,-3,-3,-3,-3,-3,-3,-3,-3,-3,-3,-3,-3,-3,-3,-3,-3,-3,-3,-3,-3,-3,-3,0,0,1,0,3,2,3
36,2023/3/8 17:32:59,122秒,微信,N/A,144.255.63.127(山东-烟台),2,6,5,2,11,1,3,-3,-3,-3,-3,-3,-3,-3,-3,-3,-3,-3,-3,-3,-3,-3,-3,-3,-3,-3,-3,-3,-3,-3,-3,-3,-3,-3,-3,-3,-3,-3,-3,-3,-3,-3,-3,-3,-3,-3,-3,-3,-3,-3,-3,-3,-3,-3,-3,-3,0,0,1,0,1,2,1
37,2023/3/8 17:33:09,47秒,微信,N/A,27.194.175.36(山东-烟台),2,5,4,4,11,3,3,-3,-3,-3,-3,-3,-3,-3,-3,-3,-3,-3,-3,-3,-3,-3,-3,-3,-3,-3,-3,-3,-3,-3,-3,-3,-3,-3,-3,-3,-3,-3,-3,-3,-3,-3,-3,-3,-3,-3,-3,-3,-3,-3,-3,-3,-3,-3,-3,-3,0,0,1,0,1,2,1
38,2023/3/8 17:34:11,133秒,微信,N/A,124.131.55.149(山东-烟台),2,4,5,3,11,2,2,-3,-3,-3,-3,-3,-3,-3,-3,-3,-3,-3,-3,-3,-3,-3,-3,-3,-3,-3,-3,-3,-3,-3,-3,-3,-3,-3,-3,-3,-3,-3,-3,-3,-3,-3,-3,-3,-3,-3,-3,-3,-3,-3,-3,-3,-3,-3,-3,-3,0,0,1,0,2,1,2
39,2023/3/8 17:34:52,75秒,微信,N/A,144.255.63.127(山东-烟台),2,6,5,2,11,1,3,-3,-3,-3,-3,-3,-3,-3,-3,-3,-3,-3,-3,-3,-3,-3,-3,-3,-3,-3,-3,-3,-3,-3,-3,-3,-3,-3,-3,-3,-3,-3,-3,-3,-3,-3,-3,-3,-3,-3,-3,-3,-3,-3,-3,-3,-3,-3,-3,-3,0,0,1,0,1,2,1
40,2023/3/8 17:39:04,43秒,微信,N/A,182.39.82.70(山东-聊城),1,6,4,4,11,3,3,-3,-3,-3,-3,-3,-3,-3,-3,-3,-3,-3,-3,-3,-3,-3,-3,-3,-3,-3,-3,-3,-3,-3,-3,-3,-3,-3,-3,-3,-3,-3,-3,-3,-3,-3,-3,-3,-3,-3,-3,-3,-3,-3,-3,-3,-3,-3,-3,-3,0,0,1,0,4,1,4
41,2023/3/8 17:39:29,75秒,微信,N/A,223.104.185.22(山东-潍坊),2,5,5,4,11,2,3,-3,-3,-3,-3,-3,-3,-3,-3,-3,-3,-3,-3,-3,-3,-3,-3,-3,-3,-3,-3,-3,-3,-3,-3,-3,-3,-3,-3,-3,-3,-3,-3,-3,-3,-3,-3,-3,-3,-3,-3,-3,-3,-3,-3,-3,-3,-3,-3,-3,0,0,1,0,1,2,1
42,2023/3/8 17:39:34,142秒,微信,N/A,112.224.67.66(山东-青岛),2,6,4,4,11,3,1,1,0,0,0,0,1,0,0,0,0,0,0,0,0,0,1,0,0,0,0,0,1,0,0,0,1,0,1,2,2,2,3,3,1,3,4,2,5,5,5,5,5,3,3,5,2,5,3,5,-3,-3,-3,-3,2,2,62
43,2023/3/8 17:39:47,131秒,微信,N/A,111.35.213.40(山东-烟台),2,5,4,4,11,3,2,-3,-3,-3,-3,-3,-3,-3,-3,-3,-3,-3,-3,-3,-3,-3,-3,-3,-3,-3,-3,-3,-3,-3,-3,-3,-3,-3,-3,-3,-3,-3,-3,-3,-3,-3,-3,-3,-3,-3,-3,-3,-3,-3,-3,-3,-3,-3,-3,-3,0,1,0,0,1,2,1
44,2023/3/8 17:42:01,43秒,微信,N/A,124.131.102.251(山东-烟台),2,5,2,4,11,2,2,-3,-3,-3,-3,-3,-3,-3,-3,-3,-3,-3,-3,-3,-3,-3,-3,-3,-3,-3,-3,-3,-3,-3,-3,-3,-3,-3,-3,-3,-3,-3,-3,-3,-3,-3,-3,-3,-3,-3,-3,-3,-3,-3,-3,-3,-3,-3,-3,-3,0,0,1,0,1,1,1
45,2023/3/8 17:42:54,133秒,微信,N/A,112.224.154.178(山东-未知),2,5,4,4,11,3,1,1,0,0,0,0,1,0,0,0,0,0,0,0,0,1,1,0,0,0,0,0,1,0,0,0,1,0,0,1,1,2,1,1,1,4,4,1,5,5,5,5,4,3,3,5,1,4,3,5,-3,-3,-3,-3,1,1,58
46,2023/3/8 17:43:05,40秒,微信,N/A,182.39.9.34(山东-济南),2,5,4,4,11,3,3,-3,-3,-3,-3,-3,-3,-3,-3,-3,-3,-3,-3,-3,-3,-3,-3,-3,-3,-3,-3,-3,-3,-3,-3,-3,-3,-3,-3,-3,-3,-3,-3,-3,-3,-3,-3,-3,-3,-3,-3,-3,-3,-3,-3,-3,-3,-3,-3,-3,0,0,1,0,1,2,1
47,2023/3/8 17:43:30,41秒,微信,N/A,117.136.95.33(山东-青岛),1,6,4,4,11,4,3,-3,-3,-3,-3,-3,-3,-3,-3,-3,-3,-3,-3,-3,-3,-3,-3,-3,-3,-3,-3,-3,-3,-3,-3,-3,-3,-3,-3,-3,-3,-3,-3,-3,-3,-3,-3,-3,-3,-3,-3,-3,-3,-3,-3,-3,-3,-3,-3,-3,0,0,1,0,1,2,1
48,2023/3/8 17:44:23,89秒,微信,N/A,223.104.188.88(山东-临沂),2,5,4,4,11,3,3,-3,-3,-3,-3,-3,-3,-3,-3,-3,-3,-3,-3,-3,-3,-3,-3,-3,-3,-3,-3,-3,-3,-3,-3,-3,-3,-3,-3,-3,-3,-3,-3,-3,-3,-3,-3,-3,-3,-3,-3,-3,-3,-3,-3,-3,-3,-3,-3,-3,0,0,1,0,1,2,1
49,2023/3/8 17:44:29,100秒,微信,N/A,111.15.89.120(山东-烟台),2,6,4,4,11,2,2,-3,-3,-3,-3,-3,-3,-3,-3,-3,-3,-3,-3,-3,-3,-3,-3,-3,-3,-3,-3,-3,-3,-3,-3,-3,-3,-3,-3,-3,-3,-3,-3,-3,-3,-3,-3,-3,-3,-3,-3,-3,-3,-3,-3,-3,-3,-3,-3,-3,0,0,1,0,1,2,1
50,2023/3/8 17:44:41,77秒,微信,N/A,221.214.142.166(山东-烟台),2,5,4,4,11,3,2,-3,-3,-3,-3,-3,-3,-3,-3,-3,-3,-3,-3,-3,-3,-3,-3,-3,-3,-3,-3,-3,-3,-3,-3,-3,-3,-3,-3,-3,-3,-3,-3,-3,-3,-3,-3,-3,-3,-3,-3,-3,-3,-3,-3,-3,-3,-3,-3,-3,0,0,1,0,2,1,2
51,2023/3/8 17:48:04,176秒,微信,N/A,39.86.227.31(山东-烟台),2,5,4,4,11,3,1,1,0,0,0,0,1,0,1,0,0,0,0,0,1,0,0,0,0,0,0,0,1,0,0,0,1,0,0,2,3,2,3,3,1,4,5,3,5,5,5,5,5,5,5,5,3,5,5,5,-3,-3,-3,-3,4,1,74
52,2023/3/8 17:48:49,291秒,微信,N/A,39.86.112.127(山东-烟台),2,6,6,4,11,2,1,0,0,1,0,0,1,0,0,0,0,0,0,0,1,0,1,0,0,0,0,0,1,0,0,0,1,0,0,3,2,2,3,1,2,5,4,2,5,4,5,4,5,5,4,5,1,5,4,5,-3,-3,-3,-3,1,1,64
53,2023/3/8 17:49:01,210秒,微信,N/A,221.214.131.162(山东-烟台),1,5,2,4,11,3,1,1,0,0,0,0,0,1,0,0,0,0,0,0,1,0,0,0,0,0,0,0,1,0,0,0,1,0,0,3,2,2,3,3,1,4,4,4,5,4,4,4,5,4,4,4,4,4,4,4,-3,-3,-3,-3,3,1,65
54,2023/3/8 17:51:13,51秒,微信,N/A,124.131.60.142(山东-烟台),2,5,2,3,11,3,3,-3,-3,-3,-3,-3,-3,-3,-3,-3,-3,-3,-3,-3,-3,-3,-3,-3,-3,-3,-3,-3,-3,-3,-3,-3,-3,-3,-3,-3,-3,-3,-3,-3,-3,-3,-3,-3,-3,-3,-3,-3,-3,-3,-3,-3,-3,-3,-3,-3,0,0,1,0,1,1,1
55,2023/3/8 17:51:30,110秒,微信,N/A,223.104.195.0(山东-泰安),2,6,4,4,11,3,3,-3,-3,-3,-3,-3,-3,-3,-3,-3,-3,-3,-3,-3,-3,-3,-3,-3,-3,-3,-3,-3,-3,-3,-3,-3,-3,-3,-3,-3,-3,-3,-3,-3,-3,-3,-3,-3,-3,-3,-3,-3,-3,-3,-3,-3,-3,-3,-3,-3,0,0,1,0,1,2,1
56,2023/3/8 17:51:38,30秒,微信,N/A,223.104.195.0(山东-泰安),2,4,4,5,11,2,3,-3,-3,-3,-3,-3,-3,-3,-3,-3,-3,-3,-3,-3,-3,-3,-3,-3,-3,-3,-3,-3,-3,-3,-3,-3,-3,-3,-3,-3,-3,-3,-3,-3,-3,-3,-3,-3,-3,-3,-3,-3,-3,-3,-3,-3,-3,-3,-3,-3,0,0,1,0,1,1,1
57,2023/3/8 17:52:01,116秒,微信,N/A,117.136.95.156(山东-潍坊),2,5,5,4,11,2,2,-3,-3,-3,-3,-3,-3,-3,-3,-3,-3,-3,-3,-3,-3,-3,-3,-3,-3,-3,-3,-3,-3,-3,-3,-3,-3,-3,-3,-3,-3,-3,-3,-3,-3,-3,-3,-3,-3,-3,-3,-3,-3,-3,-3,-3,-3,-3,-3,-3,0,0,1,0,1,2,1
58,2023/3/8 17:52:42,121秒,微信,N/A,112.249.222.6(山东-烟台),2,6,6,4,11,3,2,-3,-3,-3,-3,-3,-3,-3,-3,-3,-3,-3,-3,-3,-3,-3,-3,-3,-3,-3,-3,-3,-3,-3,-3,-3,-3,-3,-3,-3,-3,-3,-3,-3,-3,-3,-3,-3,-3,-3,-3,-3,-3,-3,-3,-3,-3,-3,-3,-3,0,0,1,0,1,2,1
59,2023/3/8 17:52:45,253秒,微信,N/A,111.15.89.120(山东-烟台),1,6,4,4,11,3,1,1,0,0,0,1,1,0,0,0,1,0,0,0,0,0,0,0,0,1,0,0,1,0,0,0,1,0,0,5,3,2,5,4,2,4,4,3,5,4,5,5,4,4,4,4,4,4,4,5,-3,-3,-3,-3,1,2,64
60,2023/3/8 17:52:50,72秒,微信,N/A,112.224.195.25(山东-济南),2,5,4,4,11,3,3,-3,-3,-3,-3,-3,-3,-3,-3,-3,-3,-3,-3,-3,-3,-3,-3,-3,-3,-3,-3,-3,-3,-3,-3,-3,-3,-3,-3,-3,-3,-3,-3,-3,-3,-3,-3,-3,-3,-3,-3,-3,-3,-3,-3,-3,-3,-3,-3,-3,0,0,1,0,1,2,1
61,2023/3/8 17:53:19,80秒,微信,N/A,223.81.132.5(山东-青岛),2,5,4,3,11,2,3,-3,-3,-3,-3,-3,-3,-3,-3,-3,-3,-3,-3,-3,-3,-3,-3,-3,-3,-3,-3,-3,-3,-3,-3,-3,-3,-3,-3,-3,-3,-3,-3,-3,-3,-3,-3,-3,-3,-3,-3,-3,-3,-3,-3,-3,-3,-3,-3,-3,0,0,1,0,1,2,1
62,2023/3/8 17:57:58,44秒,微信,N/A,112.253.28.194(山东-潍坊),2,5,3,4,11,2,3,-3,-3,-3,-3,-3,-3,-3,-3,-3,-3,-3,-3,-3,-3,-3,-3,-3,-3,-3,-3,-3,-3,-3,-3,-3,-3,-3,-3,-3,-3,-3,-3,-3,-3,-3,-3,-3,-3,-3,-3,-3,-3,-3,-3,-3,-3,-3,-3,-3,0,0,1,0,1,2,1
63,2023/3/8 17:58:14,79秒,微信,N/A,111.37.186.96(山东-烟台),2,6,4,4,11,3,2,-3,-3,-3,-3,-3,-3,-3,-3,-3,-3,-3,-3,-3,-3,-3,-3,-3,-3,-3,-3,-3,-3,-3,-3,-3,-3,-3,-3,-3,-3,-3,-3,-3,-3,-3,-3,-3,-3,-3,-3,-3,-3,-3,-3,-3,-3,-3,-3,-3,0,1,1,0,3,2,3
64,2023/3/8 18:02:52,246秒,微信,N/A,171.89.25.179(四川-达州),2,5,5,3,17,2,1,0,0,1,0,0,0,1,0,0,0,0,0,0,0,0,0,0,0,0,0,1,1,0,0,0,1,0,1,4,2,2,4,3,1,4,2,2,4,4,4,4,5,3,3,4,2,4,4,5,-3,-3,-3,-3,2,2,56
65,2023/3/8 18:13:55,81秒,微信,N/A,111.35.60.28(山东-烟台),2,5,4,4,11,2,2,-3,-3,-3,-3,-3,-3,-3,-3,-3,-3,-3,-3,-3,-3,-3,-3,-3,-3,-3,-3,-3,-3,-3,-3,-3,-3,-3,-3,-3,-3,-3,-3,-3,-3,-3,-3,-3,-3,-3,-3,-3,-3,-3,-3,-3,-3,-3,-3,-3,1,1,0,0,2,1,2
66,2023/3/8 18:18:33,111秒,微信,N/A,111.15.88.45(山东-烟台),2,6,4,4,11,3,3,-3,-3,-3,-3,-3,-3,-3,-3,-3,-3,-3,-3,-3,-3,-3,-3,-3,-3,-3,-3,-3,-3,-3,-3,-3,-3,-3,-3,-3,-3,-3,-3,-3,-3,-3,-3,-3,-3,-3,-3,-3,-3,-3,-3,-3,-3,-3,-3,-3,0,0,1,0,1,1,1
67,2023/3/8 18:19:34,51秒,微信,N/A,111.37.186.214(山东-烟台),2,6,4,4,11,3,2,-3,-3,-3,-3,-3,-3,-3,-3,-3,-3,-3,-3,-3,-3,-3,-3,-3,-3,-3,-3,-3,-3,-3,-3,-3,-3,-3,-3,-3,-3,-3,-3,-3,-3,-3,-3,-3,-3,-3,-3,-3,-3,-3,-3,-3,-3,-3,-3,-3,0,0,1,0,2,2,2
68,2023/3/8 18:20:05,73秒,微信,N/A,120.192.15.104(山东-济南),2,5,3,4,11,2,3,-3,-3,-3,-3,-3,-3,-3,-3,-3,-3,-3,-3,-3,-3,-3,-3,-3,-3,-3,-3,-3,-3,-3,-3,-3,-3,-3,-3,-3,-3,-3,-3,-3,-3,-3,-3,-3,-3,-3,-3,-3,-3,-3,-3,-3,-3,-3,-3,-3,0,0,1,0,1,2,1
69,2023/3/8 18:24:53,279秒,微信,N/A,113.124.233.162(山东-烟台),2,6,4,4,11,3,1,1,0,0,0,1,1,0,0,0,0,0,0,1,1,0,1,0,0,0,0,0,1,0,0,1,1,0,1,1,1,2,1,1,1,4,4,2,5,5,4,5,5,4,4,4,4,4,4,4,-3,-3,-3,-3,1,1,63
70,2023/3/8 18:26:43,175秒,微信,N/A,60.233.17.3(山东-济南),2,5,4,4,11,2,2,-3,-3,-3,-3,-3,-3,-3,-3,-3,-3,-3,-3,-3,-3,-3,-3,-3,-3,-3,-3,-3,-3,-3,-3,-3,-3,-3,-3,-3,-3,-3,-3,-3,-3,-3,-3,-3,-3,-3,-3,-3,-3,-3,-3,-3,-3,-3,-3,-3,1,0,1,0,3,2,3
71,2023/3/8 18:31:39,149秒,微信,N/A,117.136.95.230(山东-潍坊),2,5,2,2,11,2,2,-3,-3,-3,-3,-3,-3,-3,-3,-3,-3,-3,-3,-3,-3,-3,-3,-3,-3,-3,-3,-3,-3,-3,-3,-3,-3,-3,-3,-3,-3,-3,-3,-3,-3,-3,-3,-3,-3,-3,-3,-3,-3,-3,-3,-3,-3,-3,-3,-3,0,1,0,0,1,2,1
72,2023/3/8 18:37:39,70秒,微信,N/A,60.233.17.47(山东-济南),2,5,2,4,11,3,3,-3,-3,-3,-3,-3,-3,-3,-3,-3,-3,-3,-3,-3,-3,-3,-3,-3,-3,-3,-3,-3,-3,-3,-3,-3,-3,-3,-3,-3,-3,-3,-3,-3,-3,-3,-3,-3,-3,-3,-3,-3,-3,-3,-3,-3,-3,-3,-3,-3,0,0,1,0,1,1,1
73,2023/3/8 18:39:06,101秒,微信,N/A,106.83.225.37(重庆-重庆),2,5,5,2,32,1,3,-3,-3,-3,-3,-3,-3,-3,-3,-3,-3,-3,-3,-3,-3,-3,-3,-3,-3,-3,-3,-3,-3,-3,-3,-3,-3,-3,-3,-3,-3,-3,-3,-3,-3,-3,-3,-3,-3,-3,-3,-3,-3,-3,-3,-3,-3,-3,-3,-3,0,0,1,0,1,2,1
74,2023/3/8 18:40:03,38秒,微信,N/A,112.224.164.248(山东-青岛),2,5,4,4,11,2,2,-3,-3,-3,-3,-3,-3,-3,-3,-3,-3,-3,-3,-3,-3,-3,-3,-3,-3,-3,-3,-3,-3,-3,-3,-3,-3,-3,-3,-3,-3,-3,-3,-3,-3,-3,-3,-3,-3,-3,-3,-3,-3,-3,-3,-3,-3,-3,-3,-3,0,0,1,0,1,2,1
75,2023/3/8 18:41:01,66秒,微信,N/A,111.37.66.147(山东-烟台),1,5,4,4,11,3,2,-3,-3,-3,-3,-3,-3,-3,-3,-3,-3,-3,-3,-3,-3,-3,-3,-3,-3,-3,-3,-3,-3,-3,-3,-3,-3,-3,-3,-3,-3,-3,-3,-3,-3,-3,-3,-3,-3,-3,-3,-3,-3,-3,-3,-3,-3,-3,-3,-3,1,0,0,0,3,2,3
76,2023/3/8 18:41:14,149秒,微信,N/A,39.86.128.120(山东-烟台),2,1,1,2,11,1,3,-3,-3,-3,-3,-3,-3,-3,-3,-3,-3,-3,-3,-3,-3,-3,-3,-3,-3,-3,-3,-3,-3,-3,-3,-3,-3,-3,-3,-3,-3,-3,-3,-3,-3,-3,-3,-3,-3,-3,-3,-3,-3,-3,-3,-3,-3,-3,-3,-3,0,0,1,0,1,2,1
77,2023/3/8 18:41:57,57秒,微信,N/A,111.37.187.37(山东-烟台),2,5,4,4,11,3,3,-3,-3,-3,-3,-3,-3,-3,-3,-3,-3,-3,-3,-3,-3,-3,-3,-3,-3,-3,-3,-3,-3,-3,-3,-3,-3,-3,-3,-3,-3,-3,-3,-3,-3,-3,-3,-3,-3,-3,-3,-3,-3,-3,-3,-3,-3,-3,-3,-3,0,0,1,0,1,1,1
78,2023/3/8 18:41:59,198秒,微信,N/A,221.214.136.230(山东-烟台),2,6,4,4,11,3,1,1,0,0,0,0,1,0,0,0,0,0,0,0,1,0,0,0,0,0,0,0,1,0,0,0,1,0,0,3,3,3,3,1,1,4,5,3,5,4,4,5,4,5,4,4,3,4,4,4,-3,-3,-3,-3,2,2,64
79,2023/3/8 18:42:33,102秒,微信,N/A,123.169.56.25(山东-烟台),1,6,4,4,11,2,2,-3,-3,-3,-3,-3,-3,-3,-3,-3,-3,-3,-3,-3,-3,-3,-3,-3,-3,-3,-3,-3,-3,-3,-3,-3,-3,-3,-3,-3,-3,-3,-3,-3,-3,-3,-3,-3,-3,-3,-3,-3,-3,-3,-3,-3,-3,-3,-3,-3,0,0,1,0,2,2,2
80,2023/3/8 18:43:09,80秒,微信,N/A,223.104.195.51(山东-泰安),2,6,2,2,11,2,2,-3,-3,-3,-3,-3,-3,-3,-3,-3,-3,-3,-3,-3,-3,-3,-3,-3,-3,-3,-3,-3,-3,-3,-3,-3,-3,-3,-3,-3,-3,-3,-3,-3,-3,-3,-3,-3,-3,-3,-3,-3,-3,-3,-3,-3,-3,-3,-3,-3,0,0,1,0,1,2,1
81,2023/3/8 18:44:55,49秒,微信,N/A,183.225.3.22(云南-昆明),2,5,5,3,2,3,3,-3,-3,-3,-3,-3,-3,-3,-3,-3,-3,-3,-3,-3,-3,-3,-3,-3,-3,-3,-3,-3,-3,-3,-3,-3,-3,-3,-3,-3,-3,-3,-3,-3,-3,-3,-3,-3,-3,-3,-3,-3,-3,-3,-3,-3,-3,-3,-3,-3,0,0,1,0,1,2,1
82,2023/3/8 18:45:27,126秒,微信,N/A,223.104.187.176(山东-潍坊),2,5,4,4,11,3,3,-3,-3,-3,-3,-3,-3,-3,-3,-3,-3,-3,-3,-3,-3,-3,-3,-3,-3,-3,-3,-3,-3,-3,-3,-3,-3,-3,-3,-3,-3,-3,-3,-3,-3,-3,-3,-3,-3,-3,-3,-3,-3,-3,-3,-3,-3,-3,-3,-3,0,0,1,0,1,2,1
83,2023/3/8 18:47:07,35秒,微信,N/A,117.136.95.201(山东-潍坊),2,2,4,4,11,2,3,-3,-3,-3,-3,-3,-3,-3,-3,-3,-3,-3,-3,-3,-3,-3,-3,-3,-3,-3,-3,-3,-3,-3,-3,-3,-3,-3,-3,-3,-3,-3,-3,-3,-3,-3,-3,-3,-3,-3,-3,-3,-3,-3,-3,-3,-3,-3,-3,-3,0,0,1,0,1,1,1
84,2023/3/8 18:47:46,963秒,微信,N/A,39.73.83.28(山东-烟台),2,5,4,4,11,3,1,1,0,0,0,0,1,0,0,1,0,0,0,0,1,0,0,0,0,0,0,0,1,0,0,0,1,0,0,4,2,2,5,2,1,4,5,4,4,4,5,4,4,4,4,4,3,4,4,5,-3,-3,-3,-3,3,1,65
85,2023/3/8 18:48:00,60秒,微信,N/A,144.12.206.97(山东-滨州),2,4,4,4,11,2,3,-3,-3,-3,-3,-3,-3,-3,-3,-3,-3,-3,-3,-3,-3,-3,-3,-3,-3,-3,-3,-3,-3,-3,-3,-3,-3,-3,-3,-3,-3,-3,-3,-3,-3,-3,-3,-3,-3,-3,-3,-3,-3,-3,-3,-3,-3,-3,-3,-3,0,0,1,0,1,2,1
86,2023/3/8 18:49:58,87秒,微信,N/A,117.136.95.183(山东-潍坊),1,5,2,4,11,3,3,-3,-3,-3,-3,-3,-3,-3,-3,-3,-3,-3,-3,-3,-3,-3,-3,-3,-3,-3,-3,-3,-3,-3,-3,-3,-3,-3,-3,-3,-3,-3,-3,-3,-3,-3,-3,-3,-3,-3,-3,-3,-3,-3,-3,-3,-3,-3,-3,-3,0,0,1,0,1,1,1
87,2023/3/8 18:51:44,242秒,微信,N/A,122.4.64.196(山东-青岛),2,6,4,4,11,3,1,1,0,0,0,0,1,0,0,0,0,0,0,0,1,0,0,0,0,0,0,0,1,0,0,0,1,0,0,2,2,2,2,2,2,4,4,3,5,5,5,5,5,4,5,5,3,5,5,5,-3,-3,-3,-3,3,1,71
88,2023/3/8 18:53:47,84秒,微信,N/A,119.179.119.160(山东-烟台),2,5,4,4,11,2,3,-3,-3,-3,-3,-3,-3,-3,-3,-3,-3,-3,-3,-3,-3,-3,-3,-3,-3,-3,-3,-3,-3,-3,-3,-3,-3,-3,-3,-3,-3,-3,-3,-3,-3,-3,-3,-3,-3,-3,-3,-3,-3,-3,-3,-3,-3,-3,-3,-3,0,0,1,0,1,2,1
89,2023/3/8 18:55:17,76秒,微信,N/A,111.37.185.108(山东-烟台),1,7,6,3,11,2,3,-3,-3,-3,-3,-3,-3,-3,-3,-3,-3,-3,-3,-3,-3,-3,-3,-3,-3,-3,-3,-3,-3,-3,-3,-3,-3,-3,-3,-3,-3,-3,-3,-3,-3,-3,-3,-3,-3,-3,-3,-3,-3,-3,-3,-3,-3,-3,-3,-3,0,0,1,0,5,2,5
90,2023/3/8 18:57:28,110秒,微信,N/A,140.75.246.195(山东-烟台),2,5,4,4,11,3,1,1,0,0,0,0,0,1,0,0,0,0,0,0,0,0,1,0,0,0,0,0,1,0,0,0,1,0,0,1,3,2,2,3,1,3,4,2,4,4,4,4,4,4,4,4,4,4,4,4,-3,-3,-3,-3,2,1,59
91,2023/3/8 18:57:36,41秒,微信,N/A,223.104.195.35(山东-泰安),2,5,3,4,11,4,3,-3,-3,-3,-3,-3,-3,-3,-3,-3,-3,-3,-3,-3,-3,-3,-3,-3,-3,-3,-3,-3,-3,-3,-3,-3,-3,-3,-3,-3,-3,-3,-3,-3,-3,-3,-3,-3,-3,-3,-3,-3,-3,-3,-3,-3,-3,-3,-3,-3,0,0,1,0,1,1,1
92,2023/3/8 18:57:59,158秒,微信,N/A,27.216.233.133(山东-烟台),2,5,4,4,11,3,1,1,0,0,0,0,0,0,1,0,0,0,0,0,0,0,1,0,0,0,0,0,1,0,0,0,1,0,0,4,3,2,5,4,1,3,3,2,4,4,4,4,3,4,4,4,3,4,4,4,-3,-3,-3,-3,1,2,55
93,2023/3/8 18:58:23,51秒,微信,N/A,112.224.151.126(山东-济南),2,5,4,4,11,3,3,-3,-3,-3,-3,-3,-3,-3,-3,-3,-3,-3,-3,-3,-3,-3,-3,-3,-3,-3,-3,-3,-3,-3,-3,-3,-3,-3,-3,-3,-3,-3,-3,-3,-3,-3,-3,-3,-3,-3,-3,-3,-3,-3,-3,-3,-3,-3,-3,-3,0,0,1,0,1,1,1
94,2023/3/8 18:58:31,54秒,微信,N/A,111.15.70.159(山东-烟台),2,5,4,4,11,3,2,-3,-3,-3,-3,-3,-3,-3,-3,-3,-3,-3,-3,-3,-3,-3,-3,-3,-3,-3,-3,-3,-3,-3,-3,-3,-3,-3,-3,-3,-3,-3,-3,-3,-3,-3,-3,-3,-3,-3,-3,-3,-3,-3,-3,-3,-3,-3,-3,-3,0,0,1,0,2,1,2
95,2023/3/8 19:00:03,183秒,微信,N/A,27.213.121.186(山东-烟台),2,6,6,4,11,2,2,-3,-3,-3,-3,-3,-3,-3,-3,-3,-3,-3,-3,-3,-3,-3,-3,-3,-3,-3,-3,-3,-3,-3,-3,-3,-3,-3,-3,-3,-3,-3,-3,-3,-3,-3,-3,-3,-3,-3,-3,-3,-3,-3,-3,-3,-3,-3,-3,-3,0,0,1,0,2,1,2
96,2023/3/8 19:00:11,192秒,微信,N/A,27.216.241.215(山东-烟台),2,5,5,4,11,2,1,1,0,0,0,0,1,0,0,0,0,0,0,0,0,0,1,0,0,0,0,0,1,0,0,0,0,0,1,4,3,1,1,1,1,4,5,2,5,4,4,5,4,4,4,4,4,4,4,5,-3,-3,-3,-3,1,1,63
97,2023/3/8 19:00:25,231秒,微信,N/A,112.224.164.182(山东-青岛),2,6,4,4,11,3,1,1,0,0,0,0,0,0,1,0,0,0,0,0,0,0,1,0,0,0,0,0,1,0,0,0,1,0,0,4,4,2,4,3,1,4,5,3,5,4,5,5,4,3,3,4,3,5,3,5,-3,-3,-3,-3,5,1,66
98,2023/3/8 19:00:56,67秒,微信,N/A,111.37.188.169(山东-烟台),2,5,4,4,11,2,2,-3,-3,-3,-3,-3,-3,-3,-3,-3,-3,-3,-3,-3,-3,-3,-3,-3,-3,-3,-3,-3,-3,-3,-3,-3,-3,-3,-3,-3,-3,-3,-3,-3,-3,-3,-3,-3,-3,-3,-3,-3,-3,-3,-3,-3,-3,-3,-3,-3,0,0,1,0,2,2,2
99,2023/3/8 19:01:42,111秒,微信,N/A,223.104.195.51(山东-泰安),2,5,5,3,11,1,3,-3,-3,-3,-3,-3,-3,-3,-3,-3,-3,-3,-3,-3,-3,-3,-3,-3,-3,-3,-3,-3,-3,-3,-3,-3,-3,-3,-3,-3,-3,-3,-3,-3,-3,-3,-3,-3,-3,-3,-3,-3,-3,-3,-3,-3,-3,-3,-3,-3,0,0,1,0,1,2,1
100,2023/3/8 19:02:01,80秒,微信,N/A,112.238.153.144(山东-烟台),2,6,4,4,11,3,3,-3,-3,-3,-3,-3,-3,-3,-3,-3,-3,-3,-3,-3,-3,-3,-3,-3,-3,-3,-3,-3,-3,-3,-3,-3,-3,-3,-3,-3,-3,-3,-3,-3,-3,-3,-3,-3,-3,-3,-3,-3,-3,-3,-3,-3,-3,-3,-3,-3,0,0,1,0,2,1,2
101,2023/3/8 19:02:47,60秒,微信,N/A,221.0.86.69(山东-烟台),1,5,4,4,11,3,2,-3,-3,-3,-3,-3,-3,-3,-3,-3,-3,-3,-3,-3,-3,-3,-3,-3,-3,-3,-3,-3,-3,-3,-3,-3,-3,-3,-3,-3,-3,-3,-3,-3,-3,-3,-3,-3,-3,-3,-3,-3,-3,-3,-3,-3,-3,-3,-3,-3,0,0,1,0,3,2,3
102,2023/3/8 19:02:53,52秒,微信,N/A,111.37.189.41(山东-烟台),2,4,4,4,11,2,3,-3,-3,-3,-3,-3,-3,-3,-3,-3,-3,-3,-3,-3,-3,-3,-3,-3,-3,-3,-3,-3,-3,-3,-3,-3,-3,-3,-3,-3,-3,-3,-3,-3,-3,-3,-3,-3,-3,-3,-3,-3,-3,-3,-3,-3,-3,-3,-3,-3,0,0,1,0,1,1,1
103,2023/3/8 19:04:15,221秒,微信,N/A,111.37.188.75(山东-烟台),2,6,4,4,11,3,1,1,0,0,0,0,1,0,0,0,0,0,0,0,1,0,1,0,1,0,0,0,1,0,0,0,1,0,0,2,1,2,3,2,1,5,5,1,5,5,5,5,5,5,5,5,1,5,5,5,-3,-3,-3,-3,3,1,70
104,2023/3/8 19:04:21,90秒,微信,N/A,119.179.111.242(山东-烟台),2,5,4,4,11,2,3,-3,-3,-3,-3,-3,-3,-3,-3,-3,-3,-3,-3,-3,-3,-3,-3,-3,-3,-3,-3,-3,-3,-3,-3,-3,-3,-3,-3,-3,-3,-3,-3,-3,-3,-3,-3,-3,-3,-3,-3,-3,-3,-3,-3,-3,-3,-3,-3,-3,0,0,1,0,1,2,1
105,2023/3/8 19:05:41,65秒,微信,N/A,111.15.68.61(山东-烟台),1,5,2,3,11,4,2,-3,-3,-3,-3,-3,-3,-3,-3,-3,-3,-3,-3,-3,-3,-3,-3,-3,-3,-3,-3,-3,-3,-3,-3,-3,-3,-3,-3,-3,-3,-3,-3,-3,-3,-3,-3,-3,-3,-3,-3,-3,-3,-3,-3,-3,-3,-3,-3,-3,0,0,1,0,1,2,1
106,2023/3/8 19:10:01,55秒,手机提交,直接访问,39.144.145.58(云南-昆明),1,2,1,4,19,1,2,-3,-3,-3,-3,-3,-3,-3,-3,-3,-3,-3,-3,-3,-3,-3,-3,-3,-3,-3,-3,-3,-3,-3,-3,-3,-3,-3,-3,-3,-3,-3,-3,-3,-3,-3,-3,-3,-3,-3,-3,-3,-3,-3,-3,-3,-3,-3,-3,-3,1,0,0,0,2,1,2
107,2023/3/8 19:10:40,41秒,微信,N/A,113.124.233.74(山东-烟台),2,5,4,4,11,2,2,-3,-3,-3,-3,-3,-3,-3,-3,-3,-3,-3,-3,-3,-3,-3,-3,-3,-3,-3,-3,-3,-3,-3,-3,-3,-3,-3,-3,-3,-3,-3,-3,-3,-3,-3,-3,-3,-3,-3,-3,-3,-3,-3,-3,-3,-3,-3,-3,-3,0,0,1,0,2,2,2
108,2023/3/8 19:11:02,55秒,微信,N/A,27.216.242.91(山东-烟台),2,1,1,2,11,1,2,-3,-3,-3,-3,-3,-3,-3,-3,-3,-3,-3,-3,-3,-3,-3,-3,-3,-3,-3,-3,-3,-3,-3,-3,-3,-3,-3,-3,-3,-3,-3,-3,-3,-3,-3,-3,-3,-3,-3,-3,-3,-3,-3,-3,-3,-3,-3,-3,-3,0,0,1,0,3,1,3
109,2023/3/8 19:12:50,141秒,手机提交,直接访问,220.197.239.97(云南-昆明),1,2,1,4,19,1,1,1,0,1,0,0,1,1,1,1,1,1,1,0,1,1,1,0,0,0,0,0,1,1,1,0,1,0,1,5,3,2,5,2,1,5,4,3,5,4,5,5,4,3,3,5,4,4,4,5,-3,-3,-3,-3,4,1,67
110,2023/3/8 19:13:26,89秒,微信,N/A,27.217.11.115(山东-烟台),1,6,4,4,11,3,2,-3,-3,-3,-3,-3,-3,-3,-3,-3,-3,-3,-3,-3,-3,-3,-3,-3,-3,-3,-3,-3,-3,-3,-3,-3,-3,-3,-3,-3,-3,-3,-3,-3,-3,-3,-3,-3,-3,-3,-3,-3,-3,-3,-3,-3,-3,-3,-3,-3,0,0,0,1,1,1,1
111,2023/3/8 19:13:40,162秒,微信,N/A,182.116.193.92(河南-濮阳),2,5,5,3,12,2,3,-3,-3,-3,-3,-3,-3,-3,-3,-3,-3,-3,-3,-3,-3,-3,-3,-3,-3,-3,-3,-3,-3,-3,-3,-3,-3,-3,-3,-3,-3,-3,-3,-3,-3,-3,-3,-3,-3,-3,-3,-3,-3,-3,-3,-3,-3,-3,-3,-3,0,0,1,0,1,1,1
112,2023/3/8 19:15:10,85秒,微信,N/A,139.207.3.70(四川-成都),1,5,5,4,12,2,3,-3,-3,-3,-3,-3,-3,-3,-3,-3,-3,-3,-3,-3,-3,-3,-3,-3,-3,-3,-3,-3,-3,-3,-3,-3,-3,-3,-3,-3,-3,-3,-3,-3,-3,-3,-3,-3,-3,-3,-3,-3,-3,-3,-3,-3,-3,-3,-3,-3,0,0,1,0,1,1,1
113,2023/3/8 19:15:24,91秒,微信,N/A,123.130.68.125(山东-烟台),2,4,4,4,11,3,3,-3,-3,-3,-3,-3,-3,-3,-3,-3,-3,-3,-3,-3,-3,-3,-3,-3,-3,-3,-3,-3,-3,-3,-3,-3,-3,-3,-3,-3,-3,-3,-3,-3,-3,-3,-3,-3,-3,-3,-3,-3,-3,-3,-3,-3,-3,-3,-3,-3,0,0,1,1,2,2,2
114,2023/3/8 19:16:07,30秒,微信,N/A,123.130.68.125(山东-烟台),2,4,4,4,11,3,3,-3,-3,-3,-3,-3,-3,-3,-3,-3,-3,-3,-3,-3,-3,-3,-3,-3,-3,-3,-3,-3,-3,-3,-3,-3,-3,-3,-3,-3,-3,-3,-3,-3,-3,-3,-3,-3,-3,-3,-3,-3,-3,-3,-3,-3,-3,-3,-3,-3,0,0,1,1,2,2,2
115,2023/3/8 19:16:57,177秒,微信,N/A,117.136.72.178(云南-昆明),2,2,1,4,19,1,1,0,0,0,0,1,1,0,0,0,0,0,0,0,1,0,0,0,0,0,0,0,0,0,0,1,1,0,0,1,1,2,1,1,1,5,3,3,5,4,4,3,3,3,4,4,3,5,5,5,-3,-3,-3,-3,1,1,60
116,2023/3/8 19:17:25,222秒,微信,N/A,117.136.15.4(四川-成都),1,2,1,4,19,2,1,0,1,0,0,0,0,1,0,0,0,0,0,0,1,0,0,0,0,0,0,0,0,1,0,0,0,1,0,3,2,2,4,3,2,5,5,5,3,4,4,4,5,5,5,5,5,5,5,5,-3,-3,-3,-3,5,1,75
117,2023/3/8 19:17:35,112秒,微信,N/A,115.49.141.216(河南-濮阳),2,5,2,3,12,1,3,-3,-3,-3,-3,-3,-3,-3,-3,-3,-3,-3,-3,-3,-3,-3,-3,-3,-3,-3,-3,-3,-3,-3,-3,-3,-3,-3,-3,-3,-3,-3,-3,-3,-3,-3,-3,-3,-3,-3,-3,-3,-3,-3,-3,-3,-3,-3,-3,-3,0,0,1,0,3,1,3
118,2023/3/8 19:18:26,34秒,微信,N/A,120.219.208.151(河南-濮阳),1,2,5,4,12,4,3,-3,-3,-3,-3,-3,-3,-3,-3,-3,-3,-3,-3,-3,-3,-3,-3,-3,-3,-3,-3,-3,-3,-3,-3,-3,-3,-3,-3,-3,-3,-3,-3,-3,-3,-3,-3,-3,-3,-3,-3,-3,-3,-3,-3,-3,-3,-3,-3,-3,0,0,1,0,1,2,1
119,2023/3/8 19:19:07,118秒,微信,N/A,106.61.156.220(云南-昆明),1,4,4,4,17,4,1,0,1,0,0,0,0,0,0,1,1,0,0,0,1,0,0,0,0,1,0,0,0,1,0,0,0,1,0,6,5,2,6,5,1,5,5,5,5,5,5,5,5,4,4,5,4,3,5,3,-3,-3,-3,-3,3,1,71
120,2023/3/8 19:19:39,134秒,微信,N/A,39.144.25.39(河南-平顶山),1,6,4,4,12,3,2,-3,-3,-3,-3,-3,-3,-3,-3,-3,-3,-3,-3,-3,-3,-3,-3,-3,-3,-3,-3,-3,-3,-3,-3,-3,-3,-3,-3,-3,-3,-3,-3,-3,-3,-3,-3,-3,-3,-3,-3,-3,-3,-3,-3,-3,-3,-3,-3,-3,0,0,1,0,2,1,2
121,2023/3/8 19:21:27,89秒,微信,N/A,144.255.63.31(山东-烟台),1,5,4,4,11,3,3,-3,-3,-3,-3,-3,-3,-3,-3,-3,-3,-3,-3,-3,-3,-3,-3,-3,-3,-3,-3,-3,-3,-3,-3,-3,-3,-3,-3,-3,-3,-3,-3,-3,-3,-3,-3,-3,-3,-3,-3,-3,-3,-3,-3,-3,-3,-3,-3,-3,0,0,1,0,1,1,1
122,2023/3/8 19:22:21,65秒,微信,N/A,27.213.181.220(山东-烟台),2,5,4,4,11,2,3,-3,-3,-3,-3,-3,-3,-3,-3,-3,-3,-3,-3,-3,-3,-3,-3,-3,-3,-3,-3,-3,-3,-3,-3,-3,-3,-3,-3,-3,-3,-3,-3,-3,-3,-3,-3,-3,-3,-3,-3,-3,-3,-3,-3,-3,-3,-3,-3,-3,0,0,1,0,1,1,1
123,2023/3/8 19:23:03,25秒,微信,N/A,153.119.68.109(山东-济南),1,2,1,4,18,2,2,-3,-3,-3,-3,-3,-3,-3,-3,-3,-3,-3,-3,-3,-3,-3,-3,-3,-3,-3,-3,-3,-3,-3,-3,-3,-3,-3,-3,-3,-3,-3,-3,-3,-3,-3,-3,-3,-3,-3,-3,-3,-3,-3,-3,-3,-3,-3,-3,-3,0,1,1,0,3,2,3
124,2023/3/8 19:23:09,286秒,微信,N/A,111.37.185.23(山东-烟台),1,6,5,3,11,2,1,1,0,0,0,0,1,1,0,1,1,0,0,0,1,1,1,1,0,0,0,0,1,0,0,0,0,0,1,4,1,1,1,2,1,5,5,1,5,5,5,5,3,5,5,5,1,5,5,5,-3,-3,-3,-3,1,1,66
125,2023/3/8 19:23:09,54秒,微信,N/A,60.233.16.93(山东-济南),2,6,4,4,11,3,3,-3,-3,-3,-3,-3,-3,-3,-3,-3,-3,-3,-3,-3,-3,-3,-3,-3,-3,-3,-3,-3,-3,-3,-3,-3,-3,-3,-3,-3,-3,-3,-3,-3,-3,-3,-3,-3,-3,-3,-3,-3,-3,-3,-3,-3,-3,-3,-3,-3,0,0,1,0,1,1,1
126,2023/3/8 19:24:05,40秒,微信,N/A,144.12.174.210(山东-聊城),2,4,4,4,11,2,3,-3,-3,-3,-3,-3,-3,-3,-3,-3,-3,-3,-3,-3,-3,-3,-3,-3,-3,-3,-3,-3,-3,-3,-3,-3,-3,-3,-3,-3,-3,-3,-3,-3,-3,-3,-3,-3,-3,-3,-3,-3,-3,-3,-3,-3,-3,-3,-3,-3,0,0,1,0,1,2,1
127,2023/3/8 19:24:42,339秒,微信,N/A,114.87.209.170(上海-上海),1,2,1,4,31,1,1,0,0,1,0,0,0,0,0,0,0,1,0,0,1,0,0,0,0,0,0,0,1,0,0,0,1,0,0,1,1,2,1,1,2,3,3,3,3,3,3,3,3,3,3,3,3,3,3,3,-3,-3,-3,-3,3,1,48
128,2023/3/8 19:25:20,387秒,微信,N/A,117.139.37.189(四川-达州),1,6,6,2,12,2,1,1,0,0,0,0,1,0,0,0,0,0,0,0,0,0,0,0,0,1,0,0,1,0,0,0,1,0,0,1,3,2,2,2,1,3,3,3,3,4,4,4,4,4,4,4,4,4,4,4,-3,-3,-3,-3,5,1,61
129,2023/3/8 19:25:43,55秒,微信,N/A,112.249.1.154(山东-烟台),2,5,4,4,11,3,3,-3,-3,-3,-3,-3,-3,-3,-3,-3,-3,-3,-3,-3,-3,-3,-3,-3,-3,-3,-3,-3,-3,-3,-3,-3,-3,-3,-3,-3,-3,-3,-3,-3,-3,-3,-3,-3,-3,-3,-3,-3,-3,-3,-3,-3,-3,-3,-3,-3,0,0,1,0,1,2,1
130,2023/3/8 19:26:01,156秒,微信,N/A,111.15.68.176(山东-烟台),2,6,4,4,11,2,1,1,0,0,0,0,1,0,0,0,0,0,0,0,1,1,0,0,0,0,0,0,1,0,0,0,1,0,0,4,3,2,3,2,1,5,5,2,5,5,5,5,5,5,5,5,1,5,1,5,-3,-3,-3,-3,3,1,67
131,2023/3/8 19:26:14,21秒,微信,N/A,120.219.208.151(河南-濮阳),1,2,1,4,12,4,3,-3,-3,-3,-3,-3,-3,-3,-3,-3,-3,-3,-3,-3,-3,-3,-3,-3,-3,-3,-3,-3,-3,-3,-3,-3,-3,-3,-3,-3,-3,-3,-3,-3,-3,-3,-3,-3,-3,-3,-3,-3,-3,-3,-3,-3,-3,-3,-3,-3,0,0,1,0,1,2,1
132,2023/3/8 19:27:00,285秒,微信,N/A,112.224.155.189(山东-未知),2,6,4,4,11,3,3,-3,-3,-3,-3,-3,-3,-3,-3,-3,-3,-3,-3,-3,-3,-3,-3,-3,-3,-3,-3,-3,-3,-3,-3,-3,-3,-3,-3,-3,-3,-3,-3,-3,-3,-3,-3,-3,-3,-3,-3,-3,-3,-3,-3,-3,-3,-3,-3,-3,0,0,1,0,1,2,1
133,2023/3/8 19:27:33,80秒,微信,N/A,111.37.184.233(山东-烟台),2,4,4,4,11,2,2,-3,-3,-3,-3,-3,-3,-3,-3,-3,-3,-3,-3,-3,-3,-3,-3,-3,-3,-3,-3,-3,-3,-3,-3,-3,-3,-3,-3,-3,-3,-3,-3,-3,-3,-3,-3,-3,-3,-3,-3,-3,-3,-3,-3,-3,-3,-3,-3,-3,0,0,1,0,1,1,1
134,2023/3/8 19:27:41,100秒,微信,N/A,223.89.0.40(河南-濮阳),2,5,4,4,12,2,2,-3,-3,-3,-3,-3,-3,-3,-3,-3,-3,-3,-3,-3,-3,-3,-3,-3,-3,-3,-3,-3,-3,-3,-3,-3,-3,-3,-3,-3,-3,-3,-3,-3,-3,-3,-3,-3,-3,-3,-3,-3,-3,-3,-3,-3,-3,-3,-3,-3,0,0,1,0,3,1,3
135,2023/3/8 19:27:51,54秒,微信,N/A,112.224.157.160(山东-青岛),2,5,2,4,11,3,2,-3,-3,-3,-3,-3,-3,-3,-3,-3,-3,-3,-3,-3,-3,-3,-3,-3,-3,-3,-3,-3,-3,-3,-3,-3,-3,-3,-3,-3,-3,-3,-3,-3,-3,-3,-3,-3,-3,-3,-3,-3,-3,-3,-3,-3,-3,-3,-3,-3,0,0,1,0,3,1,3
136,2023/3/8 19:28:39,51秒,微信,N/A,112.249.241.59(山东-烟台),2,6,4,4,11,3,2,-3,-3,-3,-3,-3,-3,-3,-3,-3,-3,-3,-3,-3,-3,-3,-3,-3,-3,-3,-3,-3,-3,-3,-3,-3,-3,-3,-3,-3,-3,-3,-3,-3,-3,-3,-3,-3,-3,-3,-3,-3,-3,-3,-3,-3,-3,-3,-3,-3,0,0,1,0,1,2,1
137,2023/3/8 19:28:53,619秒,微信,N/A,182.116.194.24(河南-濮阳),1,7,6,3,12,2,1,1,0,1,0,0,0,0,0,0,0,0,0,1,1,0,0,0,0,0,0,1,1,0,0,1,1,0,0,3,1,1,2,1,1,3,3,3,3,3,3,3,3,2,2,2,1,1,3,3,-3,-3,-3,-3,1,1,39
138,2023/3/8 19:29:44,98秒,微信,N/A,115.62.51.70(河南-濮阳),2,5,4,4,12,1,1,1,0,0,0,1,1,0,0,0,0,0,0,0,0,0,1,0,0,0,0,0,0,0,0,1,0,0,1,1,1,2,1,2,2,1,1,2,2,5,5,5,5,4,4,4,4,4,4,4,-3,-3,-3,-3,4,1,58
139,2023/3/8 19:29:53,68秒,微信,N/A,123.52.215.204(河南-濮阳),2,4,4,4,12,2,2,-3,-3,-3,-3,-3,-3,-3,-3,-3,-3,-3,-3,-3,-3,-3,-3,-3,-3,-3,-3,-3,-3,-3,-3,-3,-3,-3,-3,-3,-3,-3,-3,-3,-3,-3,-3,-3,-3,-3,-3,-3,-3,-3,-3,-3,-3,-3,-3,-3,0,0,1,0,1,1,1
140,2023/3/8 19:30:06,70秒,微信,N/A,27.194.172.30(山东-烟台),2,4,2,3,11,2,3,-3,-3,-3,-3,-3,-3,-3,-3,-3,-3,-3,-3,-3,-3,-3,-3,-3,-3,-3,-3,-3,-3,-3,-3,-3,-3,-3,-3,-3,-3,-3,-3,-3,-3,-3,-3,-3,-3,-3,-3,-3,-3,-3,-3,-3,-3,-3,-3,-3,0,0,1,0,1,1,1
141,2023/3/8 19:30:43,145秒,微信,N/A,223.89.14.210(河南-濮阳),2,5,6,4,12,1,2,-3,-3,-3,-3,-3,-3,-3,-3,-3,-3,-3,-3,-3,-3,-3,-3,-3,-3,-3,-3,-3,-3,-3,-3,-3,-3,-3,-3,-3,-3,-3,-3,-3,-3,-3,-3,-3,-3,-3,-3,-3,-3,-3,-3,-3,-3,-3,-3,-3,0,0,1,0,1,2,1
142,2023/3/8 19:30:47,276秒,微信,N/A,39.144.25.39(河南-平顶山),1,6,4,4,12,3,2,-3,-3,-3,-3,-3,-3,-3,-3,-3,-3,-3,-3,-3,-3,-3,-3,-3,-3,-3,-3,-3,-3,-3,-3,-3,-3,-3,-3,-3,-3,-3,-3,-3,-3,-3,-3,-3,-3,-3,-3,-3,-3,-3,-3,-3,-3,-3,-3,-3,0,0,1,1,5,1,5
143,2023/3/8 19:31:07,52秒,微信,N/A,123.52.214.61(河南-濮阳),2,5,4,4,12,2,3,-3,-3,-3,-3,-3,-3,-3,-3,-3,-3,-3,-3,-3,-3,-3,-3,-3,-3,-3,-3,-3,-3,-3,-3,-3,-3,-3,-3,-3,-3,-3,-3,-3,-3,-3,-3,-3,-3,-3,-3,-3,-3,-3,-3,-3,-3,-3,-3,-3,0,0,1,0,1,1,1
144,2023/3/8 19:31:12,32秒,微信,N/A,39.129.5.204(云南-昆明),1,2,1,4,19,1,2,-3,-3,-3,-3,-3,-3,-3,-3,-3,-3,-3,-3,-3,-3,-3,-3,-3,-3,-3,-3,-3,-3,-3,-3,-3,-3,-3,-3,-3,-3,-3,-3,-3,-3,-3,-3,-3,-3,-3,-3,-3,-3,-3,-3,-3,-3,-3,-3,-3,0,0,1,0,1,2,1
145,2023/3/8 19:31:13,301秒,微信,N/A,39.129.5.205(云南-昆明),1,2,1,4,19,1,1,1,0,0,0,0,0,1,0,0,0,0,0,0,1,0,0,0,0,0,0,0,1,0,0,0,0,0,1,3,4,2,1,2,2,1,2,3,3,4,3,4,3,3,2,3,3,2,3,4,-3,-3,-3,-3,1,2,44
146,2023/3/8 19:32:18,71秒,微信,N/A,223.89.0.109(河南-濮阳),2,5,5,4,12,3,3,-3,-3,-3,-3,-3,-3,-3,-3,-3,-3,-3,-3,-3,-3,-3,-3,-3,-3,-3,-3,-3,-3,-3,-3,-3,-3,-3,-3,-3,-3,-3,-3,-3,-3,-3,-3,-3,-3,-3,-3,-3,-3,-3,-3,-3,-3,-3,-3,-3,0,0,1,0,1,2,1
147,2023/3/8 19:32:45,77秒,微信,N/A,111.15.71.77(山东-烟台),2,5,4,4,11,2,3,-3,-3,-3,-3,-3,-3,-3,-3,-3,-3,-3,-3,-3,-3,-3,-3,-3,-3,-3,-3,-3,-3,-3,-3,-3,-3,-3,-3,-3,-3,-3,-3,-3,-3,-3,-3,-3,-3,-3,-3,-3,-3,-3,-3,-3,-3,-3,-3,-3,0,0,0,1,1,2,1
148,2023/3/8 19:33:23,48秒,微信,N/A,223.104.100.48(海南-海口),1,4,4,4,12,2,2,-3,-3,-3,-3,-3,-3,-3,-3,-3,-3,-3,-3,-3,-3,-3,-3,-3,-3,-3,-3,-3,-3,-3,-3,-3,-3,-3,-3,-3,-3,-3,-3,-3,-3,-3,-3,-3,-3,-3,-3,-3,-3,-3,-3,-3,-3,-3,-3,-3,0,0,1,0,1,2,1
149,2023/3/8 19:34:17,37秒,微信,N/A,39.129.5.206(云南-昆明),2,2,1,4,19,1,3,-3,-3,-3,-3,-3,-3,-3,-3,-3,-3,-3,-3,-3,-3,-3,-3,-3,-3,-3,-3,-3,-3,-3,-3,-3,-3,-3,-3,-3,-3,-3,-3,-3,-3,-3,-3,-3,-3,-3,-3,-3,-3,-3,-3,-3,-3,-3,-3,-3,0,0,1,0,1,2,1
150,2023/3/8 19:34:36,39秒,微信,N/A,140.75.244.205(山东-烟台),2,4,4,4,11,2,3,-3,-3,-3,-3,-3,-3,-3,-3,-3,-3,-3,-3,-3,-3,-3,-3,-3,-3,-3,-3,-3,-3,-3,-3,-3,-3,-3,-3,-3,-3,-3,-3,-3,-3,-3,-3,-3,-3,-3,-3,-3,-3,-3,-3,-3,-3,-3,-3,-3,0,0,1,0,1,2,1
151,2023/3/8 19:35:06,268秒,微信,N/A,112.249.49.107(山东-烟台),1,5,2,3,11,4,2,-3,-3,-3,-3,-3,-3,-3,-3,-3,-3,-3,-3,-3,-3,-3,-3,-3,-3,-3,-3,-3,-3,-3,-3,-3,-3,-3,-3,-3,-3,-3,-3,-3,-3,-3,-3,-3,-3,-3,-3,-3,-3,-3,-3,-3,-3,-3,-3,-3,0,0,1,0,2,1,2
152,2023/3/8 19:35:37,68秒,微信,N/A,106.83.41.27(重庆-重庆),1,1,2,3,32,1,3,-3,-3,-3,-3,-3,-3,-3,-3,-3,-3,-3,-3,-3,-3,-3,-3,-3,-3,-3,-3,-3,-3,-3,-3,-3,-3,-3,-3,-3,-3,-3,-3,-3,-3,-3,-3,-3,-3,-3,-3,-3,-3,-3,-3,-3,-3,-3,-3,-3,0,0,1,0,5,1,5
153,2023/3/8 19:35:52,361秒,微信,N/A,117.136.33.27(广东-潮州),2,5,3,4,12,2,1,1,0,0,0,0,1,0,0,0,0,0,0,0,0,0,1,0,0,0,0,0,0,0,0,1,0,0,1,3,3,1,3,2,1,4,3,3,4,3,3,3,4,3,3,3,3,3,3,3,-3,-3,-3,-3,1,1,49
154,2023/3/8 19:35:59,57秒,微信,N/A,223.104.195.0(山东-泰安),2,5,5,2,11,4,2,-3,-3,-3,-3,-3,-3,-3,-3,-3,-3,-3,-3,-3,-3,-3,-3,-3,-3,-3,-3,-3,-3,-3,-3,-3,-3,-3,-3,-3,-3,-3,-3,-3,-3,-3,-3,-3,-3,-3,-3,-3,-3,-3,-3,-3,-3,-3,-3,-3,0,0,1,0,1,2,1
155,2023/3/8 19:37:00,78秒,微信,N/A,117.136.107.18(河南-郑州),2,5,3,4,12,2,3,-3,-3,-3,-3,-3,-3,-3,-3,-3,-3,-3,-3,-3,-3,-3,-3,-3,-3,-3,-3,-3,-3,-3,-3,-3,-3,-3,-3,-3,-3,-3,-3,-3,-3,-3,-3,-3,-3,-3,-3,-3,-3,-3,-3,-3,-3,-3,-3,-3,0,0,1,0,1,1,1
156,2023/3/8 19:37:38,461秒,微信,N/A,123.52.213.142(河南-濮阳),2,5,6,3,12,1,3,-3,-3,-3,-3,-3,-3,-3,-3,-3,-3,-3,-3,-3,-3,-3,-3,-3,-3,-3,-3,-3,-3,-3,-3,-3,-3,-3,-3,-3,-3,-3,-3,-3,-3,-3,-3,-3,-3,-3,-3,-3,-3,-3,-3,-3,-3,-3,-3,-3,0,0,1,0,1,2,1
157,2023/3/8 19:37:39,54秒,微信,N/A,111.15.71.160(山东-烟台),2,5,4,4,11,3,3,-3,-3,-3,-3,-3,-3,-3,-3,-3,-3,-3,-3,-3,-3,-3,-3,-3,-3,-3,-3,-3,-3,-3,-3,-3,-3,-3,-3,-3,-3,-3,-3,-3,-3,-3,-3,-3,-3,-3,-3,-3,-3,-3,-3,-3,-3,-3,-3,-3,0,0,1,0,1,1,1
158,2023/3/8 19:37:56,37秒,微信,N/A,117.136.95.60(山东-青岛),2,5,4,4,11,3,3,-3,-3,-3,-3,-3,-3,-3,-3,-3,-3,-3,-3,-3,-3,-3,-3,-3,-3,-3,-3,-3,-3,-3,-3,-3,-3,-3,-3,-3,-3,-3,-3,-3,-3,-3,-3,-3,-3,-3,-3,-3,-3,-3,-3,-3,-3,-3,-3,-3,0,0,1,0,1,2,1
159,2023/3/8 19:38:02,151秒,微信,N/A,171.14.60.78(河南-濮阳),1,6,4,3,12,2,2,-3,-3,-3,-3,-3,-3,-3,-3,-3,-3,-3,-3,-3,-3,-3,-3,-3,-3,-3,-3,-3,-3,-3,-3,-3,-3,-3,-3,-3,-3,-3,-3,-3,-3,-3,-3,-3,-3,-3,-3,-3,-3,-3,-3,-3,-3,-3,-3,-3,0,0,1,0,3,2,3
160,2023/3/8 19:39:21,38秒,微信,N/A,106.61.156.220(云南-昆明),1,3,2,2,18,3,2,-3,-3,-3,-3,-3,-3,-3,-3,-3,-3,-3,-3,-3,-3,-3,-3,-3,-3,-3,-3,-3,-3,-3,-3,-3,-3,-3,-3,-3,-3,-3,-3,-3,-3,-3,-3,-3,-3,-3,-3,-3,-3,-3,-3,-3,-3,-3,-3,-3,0,0,1,0,3,1,3
161,2023/3/8 19:40:19,40秒,微信,N/A,113.129.141.186(山东-济南),2,4,4,4,11,2,2,-3,-3,-3,-3,-3,-3,-3,-3,-3,-3,-3,-3,-3,-3,-3,-3,-3,-3,-3,-3,-3,-3,-3,-3,-3,-3,-3,-3,-3,-3,-3,-3,-3,-3,-3,-3,-3,-3,-3,-3,-3,-3,-3,-3,-3,-3,-3,-3,-3,1,0,0,0,1,2,1
162,2023/3/8 19:41:41,91秒,微信,N/A,106.61.156.220(云南-昆明),2,4,5,1,18,2,1,1,0,0,0,0,1,1,1,1,0,0,0,0,1,1,0,0,0,0,0,0,1,1,0,0,1,0,1,4,3,2,4,2,1,5,3,4,4,5,4,4,5,4,5,4,4,3,4,4,-3,-3,-3,-3,4,1,66
163,2023/3/8 19:41:43,194秒,微信,N/A,111.15.71.160(山东-烟台),1,5,4,4,11,3,1,1,0,1,0,0,1,0,0,0,0,0,0,0,0,0,1,0,1,0,0,0,1,0,1,0,1,0,1,2,2,2,3,3,1,4,5,3,5,5,5,5,5,3,5,5,3,5,5,5,-3,-3,-3,-3,3,2,71
164,2023/3/8 19:41:44,40秒,微信,N/A,27.194.173.75(山东-烟台),2,4,4,4,11,2,3,-3,-3,-3,-3,-3,-3,-3,-3,-3,-3,-3,-3,-3,-3,-3,-3,-3,-3,-3,-3,-3,-3,-3,-3,-3,-3,-3,-3,-3,-3,-3,-3,-3,-3,-3,-3,-3,-3,-3,-3,-3,-3,-3,-3,-3,-3,-3,-3,-3,0,0,1,0,1,1,1
165,2023/3/8 19:42:03,173秒,微信,N/A,106.61.12.237(云南-昆明),2,2,1,4,19,1,1,0,0,1,0,0,0,0,0,0,1,0,1,0,1,0,0,0,0,0,0,0,1,0,1,0,1,0,1,6,1,2,6,3,1,4,5,3,4,5,5,5,3,5,5,4,3,5,5,5,-3,-3,-3,-3,4,1,70
166,2023/3/8 19:42:31,146秒,微信,N/A,27.18.158.108(湖北-武汉),2,5,5,4,14,2,1,1,0,0,0,0,1,1,0,1,0,0,0,0,1,0,0,0,0,0,0,0,1,0,0,0,1,0,0,4,3,2,5,3,1,3,3,1,5,4,4,5,4,4,4,4,3,3,3,4,-3,-3,-3,-3,2,1,56
167,2023/3/8 19:42:36,104秒,手机提交,直接访问,39.129.5.229(云南-昆明),2,5,4,3,25,2,1,1,0,1,0,0,1,0,1,0,0,1,0,0,1,1,0,0,0,1,0,0,1,0,0,0,1,0,0,3,2,2,3,2,1,4,4,2,4,4,4,3,3,3,4,3,3,3,3,4,-3,-3,-3,-3,3,1,54
168,2023/3/8 19:42:52,54秒,微信,N/A,182.34.39.156(山东-烟台),2,4,5,4,11,2,2,-3,-3,-3,-3,-3,-3,-3,-3,-3,-3,-3,-3,-3,-3,-3,-3,-3,-3,-3,-3,-3,-3,-3,-3,-3,-3,-3,-3,-3,-3,-3,-3,-3,-3,-3,-3,-3,-3,-3,-3,-3,-3,-3,-3,-3,-3,-3,-3,-3,0,0,1,0,1,1,1
169,2023/3/8 19:43:35,77秒,微信,N/A,112.224.135.213(山东-烟台),1,4,2,3,11,4,3,-3,-3,-3,-3,-3,-3,-3,-3,-3,-3,-3,-3,-3,-3,-3,-3,-3,-3,-3,-3,-3,-3,-3,-3,-3,-3,-3,-3,-3,-3,-3,-3,-3,-3,-3,-3,-3,-3,-3,-3,-3,-3,-3,-3,-3,-3,-3,-3,-3,0,0,1,0,1,1,1
170,2023/3/8 19:43:41,43秒,微信,N/A,106.61.156.220(云南-昆明),2,1,1,3,17,1,2,-3,-3,-3,-3,-3,-3,-3,-3,-3,-3,-3,-3,-3,-3,-3,-3,-3,-3,-3,-3,-3,-3,-3,-3,-3,-3,-3,-3,-3,-3,-3,-3,-3,-3,-3,-3,-3,-3,-3,-3,-3,-3,-3,-3,-3,-3,-3,-3,-3,0,0,1,0,3,1,3
171,2023/3/8 19:44:17,124秒,微信,N/A,171.14.63.201(河南-濮阳),2,5,5,3,12,1,3,-3,-3,-3,-3,-3,-3,-3,-3,-3,-3,-3,-3,-3,-3,-3,-3,-3,-3,-3,-3,-3,-3,-3,-3,-3,-3,-3,-3,-3,-3,-3,-3,-3,-3,-3,-3,-3,-3,-3,-3,-3,-3,-3,-3,-3,-3,-3,-3,-3,0,0,1,0,1,2,1
172,2023/3/8 19:44:54,130秒,手机提交,直接访问,39.129.5.229(云南-昆明),1,7,6,2,25,2,1,1,0,1,0,0,1,1,0,0,0,1,0,0,1,0,0,0,0,1,0,0,1,0,0,0,1,0,0,2,2,2,2,2,1,4,4,2,4,3,4,2,4,2,3,3,2,3,3,4,-3,-3,-3,-3,2,1,49
173,2023/3/8 19:45:57,59秒,微信,N/A,223.104.195.32(山东-泰安),2,5,4,4,11,3,3,-3,-3,-3,-3,-3,-3,-3,-3,-3,-3,-3,-3,-3,-3,-3,-3,-3,-3,-3,-3,-3,-3,-3,-3,-3,-3,-3,-3,-3,-3,-3,-3,-3,-3,-3,-3,-3,-3,-3,-3,-3,-3,-3,-3,-3,-3,-3,-3,-3,0,0,1,0,1,2,1
174,2023/3/8 19:46:04,94秒,微信,N/A,106.61.156.220(云南-昆明),2,5,5,2,19,2,1,1,0,1,0,0,0,1,0,0,1,1,0,0,1,1,0,0,0,1,0,0,1,0,0,0,0,0,1,6,3,2,6,3,2,4,4,4,5,5,4,4,2,4,4,5,3,4,5,5,-3,-3,-3,-3,3,1,65
175,2023/3/8 19:46:17,166秒,微信,N/A,119.179.117.214(山东-烟台),1,4,2,3,11,2,2,-3,-3,-3,-3,-3,-3,-3,-3,-3,-3,-3,-3,-3,-3,-3,-3,-3,-3,-3,-3,-3,-3,-3,-3,-3,-3,-3,-3,-3,-3,-3,-3,-3,-3,-3,-3,-3,-3,-3,-3,-3,-3,-3,-3,-3,-3,-3,-3,-3,0,0,1,0,3,1,3
176,2023/3/8 19:46:39,50秒,微信,N/A,112.237.214.236(山东-烟台),1,5,4,5,11,4,2,-3,-3,-3,-3,-3,-3,-3,-3,-3,-3,-3,-3,-3,-3,-3,-3,-3,-3,-3,-3,-3,-3,-3,-3,-3,-3,-3,-3,-3,-3,-3,-3,-3,-3,-3,-3,-3,-3,-3,-3,-3,-3,-3,-3,-3,-3,-3,-3,-3,0,0,1,0,1,2,1
177,2023/3/8 19:47:20,125秒,微信,N/A,111.37.187.29(山东-烟台),2,5,4,4,11,3,1,1,0,0,0,0,1,0,0,0,0,0,0,0,0,0,1,0,0,0,0,0,1,0,0,0,1,0,0,1,1,2,1,1,1,5,5,3,5,5,5,5,5,5,5,5,3,5,5,5,-3,-3,-3,-3,1,2,72
178,2023/3/8 19:48:35,177秒,微信,N/A,27.213.127.197(山东-烟台),2,4,5,3,11,4,3,-3,-3,-3,-3,-3,-3,-3,-3,-3,-3,-3,-3,-3,-3,-3,-3,-3,-3,-3,-3,-3,-3,-3,-3,-3,-3,-3,-3,-3,-3,-3,-3,-3,-3,-3,-3,-3,-3,-3,-3,-3,-3,-3,-3,-3,-3,-3,-3,-3,0,0,1,0,1,1,1
179,2023/3/8 19:48:46,75秒,微信,N/A,223.89.14.125(河南-濮阳),2,5,4,4,12,2,3,-3,-3,-3,-3,-3,-3,-3,-3,-3,-3,-3,-3,-3,-3,-3,-3,-3,-3,-3,-3,-3,-3,-3,-3,-3,-3,-3,-3,-3,-3,-3,-3,-3,-3,-3,-3,-3,-3,-3,-3,-3,-3,-3,-3,-3,-3,-3,-3,-3,0,0,1,0,1,2,1
180,2023/3/8 19:49:21,56秒,微信,N/A,60.233.16.234(山东-济南),2,6,4,4,11,4,3,-3,-3,-3,-3,-3,-3,-3,-3,-3,-3,-3,-3,-3,-3,-3,-3,-3,-3,-3,-3,-3,-3,-3,-3,-3,-3,-3,-3,-3,-3,-3,-3,-3,-3,-3,-3,-3,-3,-3,-3,-3,-3,-3,-3,-3,-3,-3,-3,-3,0,0,1,0,1,1,1
181,2023/3/8 19:49:39,352秒,微信,N/A,182.116.192.97(河南-濮阳),1,7,6,3,12,2,1,1,0,0,0,0,1,0,0,0,0,0,0,0,1,0,0,0,0,0,0,0,1,0,0,0,1,0,0,2,2,2,2,1,2,3,5,3,5,4,5,5,3,5,5,5,3,4,3,5,-3,-3,-3,-3,3,1,66
182,2023/3/8 19:50:07,36秒,微信,N/A,182.34.70.56(山东-烟台),2,5,2,4,11,2,3,-3,-3,-3,-3,-3,-3,-3,-3,-3,-3,-3,-3,-3,-3,-3,-3,-3,-3,-3,-3,-3,-3,-3,-3,-3,-3,-3,-3,-3,-3,-3,-3,-3,-3,-3,-3,-3,-3,-3,-3,-3,-3,-3,-3,-3,-3,-3,-3,-3,0,0,1,0,1,2,1
183,2023/3/8 19:50:09,65秒,微信,N/A,223.89.0.221(河南-濮阳),2,5,4,3,12,2,3,-3,-3,-3,-3,-3,-3,-3,-3,-3,-3,-3,-3,-3,-3,-3,-3,-3,-3,-3,-3,-3,-3,-3,-3,-3,-3,-3,-3,-3,-3,-3,-3,-3,-3,-3,-3,-3,-3,-3,-3,-3,-3,-3,-3,-3,-3,-3,-3,-3,0,0,1,0,1,1,1
184,2023/3/8 19:50:18,97秒,微信,N/A,223.89.0.219(河南-濮阳),1,5,5,3,12,1,3,-3,-3,-3,-3,-3,-3,-3,-3,-3,-3,-3,-3,-3,-3,-3,-3,-3,-3,-3,-3,-3,-3,-3,-3,-3,-3,-3,-3,-3,-3,-3,-3,-3,-3,-3,-3,-3,-3,-3,-3,-3,-3,-3,-3,-3,-3,-3,-3,-3,0,0,1,0,1,1,1
185,2023/3/8 19:50:39,83秒,微信,N/A,27.217.226.135(山东-烟台),1,5,4,4,11,2,2,-3,-3,-3,-3,-3,-3,-3,-3,-3,-3,-3,-3,-3,-3,-3,-3,-3,-3,-3,-3,-3,-3,-3,-3,-3,-3,-3,-3,-3,-3,-3,-3,-3,-3,-3,-3,-3,-3,-3,-3,-3,-3,-3,-3,-3,-3,-3,-3,-3,0,0,1,0,1,2,1
186,2023/3/8 19:50:52,47秒,微信,N/A,111.37.188.210(山东-烟台),2,4,4,4,11,2,2,-3,-3,-3,-3,-3,-3,-3,-3,-3,-3,-3,-3,-3,-3,-3,-3,-3,-3,-3,-3,-3,-3,-3,-3,-3,-3,-3,-3,-3,-3,-3,-3,-3,-3,-3,-3,-3,-3,-3,-3,-3,-3,-3,-3,-3,-3,-3,-3,-3,0,0,1,0,1,2,1
187,2023/3/8 19:51:13,91秒,微信,N/A,111.37.188.152(山东-烟台),2,5,4,4,11,2,2,-3,-3,-3,-3,-3,-3,-3,-3,-3,-3,-3,-3,-3,-3,-3,-3,-3,-3,-3,-3,-3,-3,-3,-3,-3,-3,-3,-3,-3,-3,-3,-3,-3,-3,-3,-3,-3,-3,-3,-3,-3,-3,-3,-3,-3,-3,-3,-3,-3,0,0,1,0,1,1,1
188,2023/3/8 19:51:24,197秒,微信,N/A,223.104.195.7(山东-泰安),2,6,4,4,11,3,3,-3,-3,-3,-3,-3,-3,-3,-3,-3,-3,-3,-3,-3,-3,-3,-3,-3,-3,-3,-3,-3,-3,-3,-3,-3,-3,-3,-3,-3,-3,-3,-3,-3,-3,-3,-3,-3,-3,-3,-3,-3,-3,-3,-3,-3,-3,-3,-3,-3,0,0,1,0,1,2,1
189,2023/3/8 19:51:33,27秒,微信,N/A,111.37.188.210(山东-烟台),1,5,2,4,11,3,2,-3,-3,-3,-3,-3,-3,-3,-3,-3,-3,-3,-3,-3,-3,-3,-3,-3,-3,-3,-3,-3,-3,-3,-3,-3,-3,-3,-3,-3,-3,-3,-3,-3,-3,-3,-3,-3,-3,-3,-3,-3,-3,-3,-3,-3,-3,-3,-3,-3,0,0,1,0,1,2,1
190,2023/3/8 19:51:35,39秒,微信,N/A,27.213.127.197(山东-烟台),2,6,6,2,11,2,3,-3,-3,-3,-3,-3,-3,-3,-3,-3,-3,-3,-3,-3,-3,-3,-3,-3,-3,-3,-3,-3,-3,-3,-3,-3,-3,-3,-3,-3,-3,-3,-3,-3,-3,-3,-3,-3,-3,-3,-3,-3,-3,-3,-3,-3,-3,-3,-3,-3,0,0,1,0,1,1,1
191,2023/3/8 19:51:57,53秒,微信,N/A,113.124.234.120(山东-烟台),2,4,2,3,11,2,2,-3,-3,-3,-3,-3,-3,-3,-3,-3,-3,-3,-3,-3,-3,-3,-3,-3,-3,-3,-3,-3,-3,-3,-3,-3,-3,-3,-3,-3,-3,-3,-3,-3,-3,-3,-3,-3,-3,-3,-3,-3,-3,-3,-3,-3,-3,-3,-3,-3,0,0,1,0,2,1,2
192,2023/3/8 19:52:23,152秒,微信,N/A,111.37.187.209(山东-烟台),2,5,2,3,11,2,3,-3,-3,-3,-3,-3,-3,-3,-3,-3,-3,-3,-3,-3,-3,-3,-3,-3,-3,-3,-3,-3,-3,-3,-3,-3,-3,-3,-3,-3,-3,-3,-3,-3,-3,-3,-3,-3,-3,-3,-3,-3,-3,-3,-3,-3,-3,-3,-3,-3,0,0,1,0,1,1,1
193,2023/3/8 19:53:53,168秒,微信,N/A,27.217.97.45(山东-烟台),2,5,4,4,11,3,1,1,0,0,0,0,1,0,0,0,0,0,0,0,0,0,0,1,0,0,0,0,1,0,0,0,1,0,0,3,2,2,3,2,1,4,3,1,5,4,5,5,3,4,4,4,1,4,4,5,-3,-3,-3,-3,2,1,58
194,2023/3/8 19:53:59,38秒,微信,N/A,117.61.18.108(北京-北京),1,2,1,4,12,1,2,-3,-3,-3,-3,-3,-3,-3,-3,-3,-3,-3,-3,-3,-3,-3,-3,-3,-3,-3,-3,-3,-3,-3,-3,-3,-3,-3,-3,-3,-3,-3,-3,-3,-3,-3,-3,-3,-3,-3,-3,-3,-3,-3,-3,-3,-3,-3,-3,-3,0,0,1,0,1,1,1
195,2023/3/8 19:55:52,55秒,微信,N/A,61.162.147.140(山东-威海),1,5,5,4,11,2,3,-3,-3,-3,-3,-3,-3,-3,-3,-3,-3,-3,-3,-3,-3,-3,-3,-3,-3,-3,-3,-3,-3,-3,-3,-3,-3,-3,-3,-3,-3,-3,-3,-3,-3,-3,-3,-3,-3,-3,-3,-3,-3,-3,-3,-3,-3,-3,-3,-3,0,0,1,0,1,1,1
196,2023/3/8 19:56:01,73秒,微信,N/A,27.217.97.45(山东-烟台),1,5,4,4,11,3,3,-3,-3,-3,-3,-3,-3,-3,-3,-3,-3,-3,-3,-3,-3,-3,-3,-3,-3,-3,-3,-3,-3,-3,-3,-3,-3,-3,-3,-3,-3,-3,-3,-3,-3,-3,-3,-3,-3,-3,-3,-3,-3,-3,-3,-3,-3,-3,-3,-3,0,0,1,0,1,2,1
197,2023/3/8 20:02:07,563秒,微信,N/A,223.89.13.82(河南-濮阳),1,7,4,4,12,2,1,1,0,0,0,0,0,1,0,0,0,0,0,0,0,0,0,0,0,1,0,0,1,0,0,0,0,1,0,4,4,2,3,4,2,4,4,4,4,4,4,4,4,4,4,4,4,4,4,4,-3,-3,-3,-3,1,2,61
198,2023/3/8 20:02:10,2951秒,微信,N/A,111.37.185.254(山东-烟台),2,5,5,4,11,2,3,-3,-3,-3,-3,-3,-3,-3,-3,-3,-3,-3,-3,-3,-3,-3,-3,-3,-3,-3,-3,-3,-3,-3,-3,-3,-3,-3,-3,-3,-3,-3,-3,-3,-3,-3,-3,-3,-3,-3,-3,-3,-3,-3,-3,-3,-3,-3,-3,-3,0,0,1,0,1,2,1
199,2023/3/8 20:02:26,40秒,微信,N/A,111.37.185.254(山东-烟台),1,5,3,4,11,4,2,-3,-3,-3,-3,-3,-3,-3,-3,-3,-3,-3,-3,-3,-3,-3,-3,-3,-3,-3,-3,-3,-3,-3,-3,-3,-3,-3,-3,-3,-3,-3,-3,-3,-3,-3,-3,-3,-3,-3,-3,-3,-3,-3,-3,-3,-3,-3,-3,-3,0,0,1,0,1,1,1
200,2023/3/8 20:03:13,69秒,微信,N/A,182.34.39.63(山东-烟台),2,5,4,4,11,3,3,-3,-3,-3,-3,-3,-3,-3,-3,-3,-3,-3,-3,-3,-3,-3,-3,-3,-3,-3,-3,-3,-3,-3,-3,-3,-3,-3,-3,-3,-3,-3,-3,-3,-3,-3,-3,-3,-3,-3,-3,-3,-3,-3,-3,-3,-3,-3,-3,-3,0,0,1,0,1,2,1
201,2023/3/8 20:04:07,33秒,微信,N/A,120.244.142.133(北京-北京),2,5,5,5,29,1,2,-3,-3,-3,-3,-3,-3,-3,-3,-3,-3,-3,-3,-3,-3,-3,-3,-3,-3,-3,-3,-3,-3,-3,-3,-3,-3,-3,-3,-3,-3,-3,-3,-3,-3,-3,-3,-3,-3,-3,-3,-3,-3,-3,-3,-3,-3,-3,-3,-3,0,0,1,0,1,2,1
202,2023/3/8 20:04:34,349秒,微信,N/A,182.116.194.24(河南-濮阳),2,7,6,3,12,2,1,0,0,1,0,1,0,0,0,0,0,0,0,1,0,0,0,0,0,0,0,1,1,0,0,0,1,0,0,3,1,1,2,1,2,3,3,3,3,2,2,3,2,3,2,2,1,2,2,2,-3,-3,-3,-3,1,2,36
203,2023/3/8 20:05:15,98秒,微信,N/A,111.18.98.191(陕西-西安),2,6,6,4,12,2,3,-3,-3,-3,-3,-3,-3,-3,-3,-3,-3,-3,-3,-3,-3,-3,-3,-3,-3,-3,-3,-3,-3,-3,-3,-3,-3,-3,-3,-3,-3,-3,-3,-3,-3,-3,-3,-3,-3,-3,-3,-3,-3,-3,-3,-3,-3,-3,-3,-3,0,0,1,0,1,2,1
204,2023/3/8 20:09:45,90秒,微信,N/A,124.131.120.28(山东-烟台),2,5,4,4,11,3,3,-3,-3,-3,-3,-3,-3,-3,-3,-3,-3,-3,-3,-3,-3,-3,-3,-3,-3,-3,-3,-3,-3,-3,-3,-3,-3,-3,-3,-3,-3,-3,-3,-3,-3,-3,-3,-3,-3,-3,-3,-3,-3,-3,-3,-3,-3,-3,-3,-3,0,0,1,0,1,2,1
205,2023/3/8 20:09:49,64秒,微信,N/A,112.224.154.16(山东-未知),2,5,5,3,11,2,3,-3,-3,-3,-3,-3,-3,-3,-3,-3,-3,-3,-3,-3,-3,-3,-3,-3,-3,-3,-3,-3,-3,-3,-3,-3,-3,-3,-3,-3,-3,-3,-3,-3,-3,-3,-3,-3,-3,-3,-3,-3,-3,-3,-3,-3,-3,-3,-3,-3,0,0,1,0,1,2,1
206,2023/3/8 20:10:33,58秒,微信,N/A,123.169.59.173(山东-烟台),2,4,5,4,11,2,3,-3,-3,-3,-3,-3,-3,-3,-3,-3,-3,-3,-3,-3,-3,-3,-3,-3,-3,-3,-3,-3,-3,-3,-3,-3,-3,-3,-3,-3,-3,-3,-3,-3,-3,-3,-3,-3,-3,-3,-3,-3,-3,-3,-3,-3,-3,-3,-3,-3,0,0,1,0,1,1,1
207,2023/3/8 20:11:14,232秒,微信,N/A,106.61.58.17(云南-昆明),2,5,5,3,19,2,1,1,1,0,0,0,0,1,0,0,0,0,1,0,1,0,0,0,0,0,0,0,0,1,0,0,1,1,0,5,3,2,2,3,1,3,5,4,3,3,4,4,3,3,3,3,3,2,3,4,-3,-3,-3,-3,5,1,55
208,2023/3/8 20:11:39,80秒,微信,N/A,39.144.82.38(天津-天津),2,3,3,4,30,3,2,-3,-3,-3,-3,-3,-3,-3,-3,-3,-3,-3,-3,-3,-3,-3,-3,-3,-3,-3,-3,-3,-3,-3,-3,-3,-3,-3,-3,-3,-3,-3,-3,-3,-3,-3,-3,-3,-3,-3,-3,-3,-3,-3,-3,-3,-3,-3,-3,-3,0,0,1,1,2,1,2
209,2023/3/8 20:12:47,148秒,微信,N/A,111.37.117.111(山东-威海),1,5,5,2,12,2,1,1,0,1,0,0,0,1,0,0,0,0,0,0,0,0,1,0,0,0,0,0,1,0,0,0,1,0,0,2,2,2,3,2,1,4,5,5,5,5,5,5,5,5,5,5,5,5,5,5,-3,-3,-3,-3,1,1,75
210,2023/3/8 20:13:32,132秒,微信,N/A,39.144.82.148(天津-天津),2,5,4,3,30,2,1,1,0,0,0,0,1,1,0,0,0,0,0,0,1,1,0,0,0,0,0,0,1,1,0,0,1,0,0,2,3,2,3,3,1,3,4,3,3,3,3,3,3,3,3,3,3,3,3,3,-3,-3,-3,-3,3,2,49
211,2023/3/8 20:15:17,384秒,微信,N/A,180.78.110.234(北京-北京),1,7,6,3,29,2,3,-3,-3,-3,-3,-3,-3,-3,-3,-3,-3,-3,-3,-3,-3,-3,-3,-3,-3,-3,-3,-3,-3,-3,-3,-3,-3,-3,-3,-3,-3,-3,-3,-3,-3,-3,-3,-3,-3,-3,-3,-3,-3,-3,-3,-3,-3,-3,-3,-3,0,0,1,0,1,2,1
212,2023/3/8 20:21:46,244秒,微信,N/A,27.216.236.82(山东-烟台),2,5,4,4,11,2,1,1,0,0,0,0,1,0,0,0,0,0,0,0,1,0,0,0,0,0,0,0,1,0,0,0,1,0,0,4,3,2,4,3,1,4,4,3,5,4,5,4,4,4,4,5,3,5,5,5,-3,-3,-3,-3,5,1,69
213,2023/3/8 20:23:19,58秒,微信,N/A,112.237.182.245(山东-烟台),2,6,6,2,11,1,3,-3,-3,-3,-3,-3,-3,-3,-3,-3,-3,-3,-3,-3,-3,-3,-3,-3,-3,-3,-3,-3,-3,-3,-3,-3,-3,-3,-3,-3,-3,-3,-3,-3,-3,-3,-3,-3,-3,-3,-3,-3,-3,-3,-3,-3,-3,-3,-3,-3,0,0,1,0,1,2,1
214,2023/3/8 20:23:56,175秒,微信,N/A,42.88.163.27(甘肃-陇南),1,5,5,3,21,2,1,1,0,0,0,0,1,0,0,0,0,0,0,0,1,0,0,0,0,0,0,0,0,1,0,0,1,0,0,1,1,2,2,2,2,3,4,3,5,5,5,4,4,3,3,4,3,4,3,5,-3,-3,-3,-3,2,1,60
215,2023/3/8 20:25:02,232秒,微信,N/A,223.104.122.216(湖北-武汉),1,6,2,2,14,3,1,1,0,0,0,0,1,1,0,0,1,0,0,0,1,0,1,0,0,0,0,0,1,0,0,0,1,0,1,4,4,2,5,4,1,3,4,3,4,4,4,4,4,3,4,4,3,3,3,5,-3,-3,-3,-3,4,1,59
216,2023/3/8 20:27:05,84秒,微信,N/A,106.33.245.148(河南-郑州),2,6,6,3,12,2,3,-3,-3,-3,-3,-3,-3,-3,-3,-3,-3,-3,-3,-3,-3,-3,-3,-3,-3,-3,-3,-3,-3,-3,-3,-3,-3,-3,-3,-3,-3,-3,-3,-3,-3,-3,-3,-3,-3,-3,-3,-3,-3,-3,-3,-3,-3,-3,-3,-3,0,0,1,0,1,2,1
217,2023/3/8 20:27:52,61秒,微信,N/A,223.89.0.196(河南-濮阳),2,5,5,3,12,1,3,-3,-3,-3,-3,-3,-3,-3,-3,-3,-3,-3,-3,-3,-3,-3,-3,-3,-3,-3,-3,-3,-3,-3,-3,-3,-3,-3,-3,-3,-3,-3,-3,-3,-3,-3,-3,-3,-3,-3,-3,-3,-3,-3,-3,-3,-3,-3,-3,-3,0,0,1,0,1,2,1
218,2023/3/8 20:28:39,50秒,微信,N/A,223.89.14.74(河南-濮阳),2,5,5,3,12,1,3,-3,-3,-3,-3,-3,-3,-3,-3,-3,-3,-3,-3,-3,-3,-3,-3,-3,-3,-3,-3,-3,-3,-3,-3,-3,-3,-3,-3,-3,-3,-3,-3,-3,-3,-3,-3,-3,-3,-3,-3,-3,-3,-3,-3,-3,-3,-3,-3,-3,0,0,1,0,1,2,1
219,2023/3/8 20:31:39,89秒,微信,N/A,39.86.183.174(山东-烟台),2,4,5,2,11,1,3,-3,-3,-3,-3,-3,-3,-3,-3,-3,-3,-3,-3,-3,-3,-3,-3,-3,-3,-3,-3,-3,-3,-3,-3,-3,-3,-3,-3,-3,-3,-3,-3,-3,-3,-3,-3,-3,-3,-3,-3,-3,-3,-3,-3,-3,-3,-3,-3,-3,0,0,1,0,1,2,1
220,2023/3/8 20:34:07,36秒,微信,N/A,39.86.129.80(山东-烟台),2,4,4,4,11,2,3,-3,-3,-3,-3,-3,-3,-3,-3,-3,-3,-3,-3,-3,-3,-3,-3,-3,-3,-3,-3,-3,-3,-3,-3,-3,-3,-3,-3,-3,-3,-3,-3,-3,-3,-3,-3,-3,-3,-3,-3,-3,-3,-3,-3,-3,-3,-3,-3,-3,0,0,1,0,1,1,1
221,2023/3/8 20:37:34,73秒,微信,N/A,39.144.178.74(河南-开封),2,5,2,4,12,3,3,-3,-3,-3,-3,-3,-3,-3,-3,-3,-3,-3,-3,-3,-3,-3,-3,-3,-3,-3,-3,-3,-3,-3,-3,-3,-3,-3,-3,-3,-3,-3,-3,-3,-3,-3,-3,-3,-3,-3,-3,-3,-3,-3,-3,-3,-3,-3,-3,-3,0,0,1,0,4,2,4
222,2023/3/8 20:41:43,88秒,微信,N/A,223.198.148.191(海南-乐东),2,6,3,4,21,2,3,-3,-3,-3,-3,-3,-3,-3,-3,-3,-3,-3,-3,-3,-3,-3,-3,-3,-3,-3,-3,-3,-3,-3,-3,-3,-3,-3,-3,-3,-3,-3,-3,-3,-3,-3,-3,-3,-3,-3,-3,-3,-3,-3,-3,-3,-3,-3,-3,-3,0,0,1,0,3,1,3
223,2023/3/8 20:47:50,44秒,微信,N/A,27.216.233.5(山东-烟台),2,4,4,4,11,2,2,-3,-3,-3,-3,-3,-3,-3,-3,-3,-3,-3,-3,-3,-3,-3,-3,-3,-3,-3,-3,-3,-3,-3,-3,-3,-3,-3,-3,-3,-3,-3,-3,-3,-3,-3,-3,-3,-3,-3,-3,-3,-3,-3,-3,-3,-3,-3,-3,-3,0,0,1,0,1,1,1
224,2023/3/8 20:51:58,533秒,微信,N/A,115.183.237.95(北京-北京),2,7,6,4,29,2,1,0,0,0,0,1,1,0,0,0,0,0,0,0,0,1,0,0,0,0,0,0,1,0,0,0,0,0,1,2,1,2,3,2,2,4,5,3,5,4,5,5,4,4,5,5,3,4,3,5,-3,-3,-3,-3,2,1,66
225,2023/3/8 20:56:45,148秒,微信,N/A,115.62.25.77(河南-濮阳),1,5,4,4,12,2,1,1,0,0,0,1,1,1,1,0,0,0,0,1,1,0,0,0,0,0,0,0,1,0,0,0,1,0,0,2,2,2,3,2,2,5,4,3,5,5,5,4,4,4,4,5,3,5,4,5,-3,-3,-3,-3,3,1,68
226,2023/3/8 20:57:08,77秒,微信,N/A,60.212.63.2(山东-烟台),2,6,4,4,11,3,3,-3,-3,-3,-3,-3,-3,-3,-3,-3,-3,-3,-3,-3,-3,-3,-3,-3,-3,-3,-3,-3,-3,-3,-3,-3,-3,-3,-3,-3,-3,-3,-3,-3,-3,-3,-3,-3,-3,-3,-3,-3,-3,-3,-3,-3,-3,-3,-3,-3,0,0,0,1,3,2,3
227,2023/3/8 21:03:16,45秒,手机提交,直接访问,117.136.72.36(云南-昆明),1,2,1,4,19,1,3,-3,-3,-3,-3,-3,-3,-3,-3,-3,-3,-3,-3,-3,-3,-3,-3,-3,-3,-3,-3,-3,-3,-3,-3,-3,-3,-3,-3,-3,-3,-3,-3,-3,-3,-3,-3,-3,-3,-3,-3,-3,-3,-3,-3,-3,-3,-3,-3,-3,0,0,0,1,2,2,2
228,2023/3/8 21:04:29,75秒,微信,N/A,223.89.32.163(河南-濮阳),1,5,4,4,12,3,3,-3,-3,-3,-3,-3,-3,-3,-3,-3,-3,-3,-3,-3,-3,-3,-3,-3,-3,-3,-3,-3,-3,-3,-3,-3,-3,-3,-3,-3,-3,-3,-3,-3,-3,-3,-3,-3,-3,-3,-3,-3,-3,-3,-3,-3,-3,-3,-3,-3,0,0,1,0,1,1,1
229,2023/3/8 21:07:54,77秒,微信,N/A,223.104.195.13(山东-泰安),1,5,3,3,11,3,3,-3,-3,-3,-3,-3,-3,-3,-3,-3,-3,-3,-3,-3,-3,-3,-3,-3,-3,-3,-3,-3,-3,-3,-3,-3,-3,-3,-3,-3,-3,-3,-3,-3,-3,-3,-3,-3,-3,-3,-3,-3,-3,-3,-3,-3,-3,-3,-3,-3,0,0,1,0,2,2,2
230,2023/3/8 21:07:58,48秒,微信,N/A,111.15.70.146(山东-烟台),1,5,4,4,11,2,3,-3,-3,-3,-3,-3,-3,-3,-3,-3,-3,-3,-3,-3,-3,-3,-3,-3,-3,-3,-3,-3,-3,-3,-3,-3,-3,-3,-3,-3,-3,-3,-3,-3,-3,-3,-3,-3,-3,-3,-3,-3,-3,-3,-3,-3,-3,-3,-3,-3,1,0,0,0,1,2,1
231,2023/3/8 21:11:20,66秒,微信,N/A,221.0.86.69(山东-烟台),2,5,4,4,11,3,3,-3,-3,-3,-3,-3,-3,-3,-3,-3,-3,-3,-3,-3,-3,-3,-3,-3,-3,-3,-3,-3,-3,-3,-3,-3,-3,-3,-3,-3,-3,-3,-3,-3,-3,-3,-3,-3,-3,-3,-3,-3,-3,-3,-3,-3,-3,-3,-3,-3,0,0,1,0,1,1,1
232,2023/3/8 21:17:03,167秒,微信,N/A,60.212.253.105(山东-威海),2,6,6,3,11,2,1,1,0,1,0,0,1,0,0,0,1,0,0,0,0,0,0,0,0,1,0,0,1,0,0,0,1,0,0,1,2,2,1,2,1,4,4,2,4,4,4,4,3,4,4,4,3,4,4,4,-3,-3,-3,-3,3,1,59
233,2023/3/8 21:18:47,167秒,微信,N/A,125.40.215.141(河南-濮阳),1,6,4,4,12,2,1,1,0,0,0,0,0,0,0,0,0,0,0,1,0,0,0,0,0,0,0,1,1,0,0,0,0,0,1,1,3,1,1,1,2,2,4,1,5,5,5,5,1,1,1,1,1,1,1,5,-3,-3,-3,-3,1,1,40
234,2023/3/8 21:38:14,111秒,微信,N/A,60.233.16.60(山东-济南),2,6,6,3,11,1,3,-3,-3,-3,-3,-3,-3,-3,-3,-3,-3,-3,-3,-3,-3,-3,-3,-3,-3,-3,-3,-3,-3,-3,-3,-3,-3,-3,-3,-3,-3,-3,-3,-3,-3,-3,-3,-3,-3,-3,-3,-3,-3,-3,-3,-3,-3,-3,-3,-3,0,0,1,0,1,2,1
235,2023/3/8 21:43:50,49秒,微信,N/A,140.75.209.74(山东-烟台),2,5,4,4,11,2,3,-3,-3,-3,-3,-3,-3,-3,-3,-3,-3,-3,-3,-3,-3,-3,-3,-3,-3,-3,-3,-3,-3,-3,-3,-3,-3,-3,-3,-3,-3,-3,-3,-3,-3,-3,-3,-3,-3,-3,-3,-3,-3,-3,-3,-3,-3,-3,-3,-3,0,0,1,0,1,1,1
236,2023/3/8 21:44:40,54秒,微信,N/A,27.217.235.151(山东-烟台),1,4,4,4,11,2,2,-3,-3,-3,-3,-3,-3,-3,-3,-3,-3,-3,-3,-3,-3,-3,-3,-3,-3,-3,-3,-3,-3,-3,-3,-3,-3,-3,-3,-3,-3,-3,-3,-3,-3,-3,-3,-3,-3,-3,-3,-3,-3,-3,-3,-3,-3,-3,-3,-3,0,0,1,0,3,1,3
237,2023/3/8 21:44:44,257秒,微信,N/A,111.183.27.100(湖北-黄冈),2,5,4,3,14,2,1,1,0,0,0,0,0,0,0,0,1,0,0,0,1,0,0,0,0,0,0,0,1,0,0,0,1,0,0,2,2,2,2,2,1,4,4,4,5,4,5,5,5,4,5,5,5,5,5,5,-3,-3,-3,-3,5,1,75
238,2023/3/8 21:47:10,52秒,微信,N/A,39.129.5.23(云南-昆明),1,3,1,5,19,2,2,-3,-3,-3,-3,-3,-3,-3,-3,-3,-3,-3,-3,-3,-3,-3,-3,-3,-3,-3,-3,-3,-3,-3,-3,-3,-3,-3,-3,-3,-3,-3,-3,-3,-3,-3,-3,-3,-3,-3,-3,-3,-3,-3,-3,-3,-3,-3,-3,-3,0,0,1,0,3,1,3
239,2023/3/8 21:50:09,225秒,微信,N/A,111.181.129.225(湖北-恩施),2,3,5,4,13,3,1,1,0,0,0,1,1,0,0,0,1,0,0,0,0,0,1,0,0,0,0,0,1,1,0,0,1,0,1,2,5,2,3,4,1,4,5,3,4,5,5,5,4,4,3,3,3,4,2,5,-3,-3,-3,-3,1,1,60
240,2023/3/8 21:51:51,121秒,微信,N/A,112.249.85.142(山东-烟台),2,5,5,3,11,2,2,-3,-3,-3,-3,-3,-3,-3,-3,-3,-3,-3,-3,-3,-3,-3,-3,-3,-3,-3,-3,-3,-3,-3,-3,-3,-3,-3,-3,-3,-3,-3,-3,-3,-3,-3,-3,-3,-3,-3,-3,-3,-3,-3,-3,-3,-3,-3,-3,-3,0,0,1,0,2,2,2
241,2023/3/8 21:54:35,536秒,微信,N/A,111.182.36.165(湖北-荆门),1,6,2,2,14,3,1,1,0,0,0,0,1,0,0,0,0,0,0,0,0,1,0,0,0,0,0,0,1,0,0,0,0,0,1,2,2,2,4,2,1,3,4,3,4,5,4,4,4,4,5,5,3,3,4,4,-3,-3,-3,-3,3,1,62
242,2023/3/8 21:58:14,114秒,微信,N/A,106.61.239.55(云南-昆明),1,5,2,2,19,1,1,1,0,0,0,0,0,0,0,0,0,0,1,0,1,0,0,0,0,0,0,0,1,0,0,0,1,0,0,5,2,2,4,3,1,4,3,3,5,5,5,5,5,4,4,4,3,4,4,4,-3,-3,-3,-3,3,1,65
243,2023/3/8 21:59:57,54秒,微信,N/A,112.224.157.188(山东-青岛),2,5,4,4,11,3,2,-3,-3,-3,-3,-3,-3,-3,-3,-3,-3,-3,-3,-3,-3,-3,-3,-3,-3,-3,-3,-3,-3,-3,-3,-3,-3,-3,-3,-3,-3,-3,-3,-3,-3,-3,-3,-3,-3,-3,-3,-3,-3,-3,-3,-3,-3,-3,-3,-3,0,0,1,0,1,2,1
244,2023/3/8 22:07:08,68秒,微信,N/A,115.62.36.22(河南-濮阳),2,5,2,4,12,2,3,-3,-3,-3,-3,-3,-3,-3,-3,-3,-3,-3,-3,-3,-3,-3,-3,-3,-3,-3,-3,-3,-3,-3,-3,-3,-3,-3,-3,-3,-3,-3,-3,-3,-3,-3,-3,-3,-3,-3,-3,-3,-3,-3,-3,-3,-3,-3,-3,-3,0,0,1,0,1,2,1
245,2023/3/8 22:08:18,153秒,微信,N/A,120.219.208.67(河南-濮阳),1,7,6,3,12,2,3,-3,-3,-3,-3,-3,-3,-3,-3,-3,-3,-3,-3,-3,-3,-3,-3,-3,-3,-3,-3,-3,-3,-3,-3,-3,-3,-3,-3,-3,-3,-3,-3,-3,-3,-3,-3,-3,-3,-3,-3,-3,-3,-3,-3,-3,-3,-3,-3,-3,0,0,1,0,1,2,1
246,2023/3/8 22:14:48,278秒,微信,N/A,42.88.17.124(甘肃-庆阳),2,4,2,3,14,3,1,1,1,1,0,0,1,0,1,0,1,0,0,0,1,0,1,0,1,0,1,0,1,1,1,0,1,1,1,2,2,3,5,4,1,4,5,3,5,4,5,5,5,5,5,5,3,5,5,5,-3,-3,-3,-3,5,2,74
247,2023/3/8 22:18:51,182秒,微信,N/A,221.214.140.57(山东-烟台),1,5,2,3,11,3,1,1,0,0,0,0,0,0,1,0,0,0,0,0,1,0,1,0,0,0,0,0,1,1,0,0,1,1,0,1,2,2,1,2,1,3,3,3,5,4,4,4,3,3,3,4,2,3,4,5,-3,-3,-3,-3,3,1,56
248,2023/3/8 22:26:36,74秒,微信,N/A,223.89.14.185(河南-濮阳),2,6,6,4,12,1,2,-3,-3,-3,-3,-3,-3,-3,-3,-3,-3,-3,-3,-3,-3,-3,-3,-3,-3,-3,-3,-3,-3,-3,-3,-3,-3,-3,-3,-3,-3,-3,-3,-3,-3,-3,-3,-3,-3,-3,-3,-3,-3,-3,-3,-3,-3,-3,-3,-3,0,0,1,0,1,1,1
249,2023/3/8 23:03:58,60秒,微信,N/A,223.155.78.52(湖南-邵阳),2,4,2,3,14,4,2,-3,-3,-3,-3,-3,-3,-3,-3,-3,-3,-3,-3,-3,-3,-3,-3,-3,-3,-3,-3,-3,-3,-3,-3,-3,-3,-3,-3,-3,-3,-3,-3,-3,-3,-3,-3,-3,-3,-3,-3,-3,-3,-3,-3,-3,-3,-3,-3,-3,0,0,1,0,1,2,1
250,2023/3/8 23:08:48,56秒,微信,N/A,223.104.189.112(山东-青岛),2,5,3,3,11,1,2,-3,-3,-3,-3,-3,-3,-3,-3,-3,-3,-3,-3,-3,-3,-3,-3,-3,-3,-3,-3,-3,-3,-3,-3,-3,-3,-3,-3,-3,-3,-3,-3,-3,-3,-3,-3,-3,-3,-3,-3,-3,-3,-3,-3,-3,-3,-3,-3,-3,0,0,1,0,3,2,3
251,2023/3/9 3:04:49,200秒,微信,N/A,120.219.208.35(河南-濮阳),1,6,2,3,12,3,2,-3,-3,-3,-3,-3,-3,-3,-3,-3,-3,-3,-3,-3,-3,-3,-3,-3,-3,-3,-3,-3,-3,-3,-3,-3,-3,-3,-3,-3,-3,-3,-3,-3,-3,-3,-3,-3,-3,-3,-3,-3,-3,-3,-3,-3,-3,-3,-3,-3,0,0,1,0,5,1,5
252,2023/3/9 7:07:00,74秒,微信,N/A,223.104.190.249(山东-济南),2,6,4,4,11,3,2,-3,-3,-3,-3,-3,-3,-3,-3,-3,-3,-3,-3,-3,-3,-3,-3,-3,-3,-3,-3,-3,-3,-3,-3,-3,-3,-3,-3,-3,-3,-3,-3,-3,-3,-3,-3,-3,-3,-3,-3,-3,-3,-3,-3,-3,-3,-3,-3,-3,1,0,0,0,5,2,5
253,2023/3/9 7:15:21,491秒,微信,N/A,182.116.194.24(河南-濮阳),2,7,6,3,12,2,1,1,0,1,0,0,0,0,0,0,0,0,0,1,0,0,0,0,0,0,0,1,1,0,0,0,0,1,0,3,1,2,1,1,2,1,2,2,3,2,3,3,1,3,2,3,2,2,2,3,-3,-3,-3,-3,2,2,36
254,2023/3/9 9:00:40,34秒,微信,N/A,27.216.171.48(山东-烟台),2,4,2,3,11,4,3,-3,-3,-3,-3,-3,-3,-3,-3,-3,-3,-3,-3,-3,-3,-3,-3,-3,-3,-3,-3,-3,-3,-3,-3,-3,-3,-3,-3,-3,-3,-3,-3,-3,-3,-3,-3,-3,-3,-3,-3,-3,-3,-3,-3,-3,-3,-3,-3,-3,0,0,1,0,1,2,1
255,2023/3/9 9:01:44,76秒,微信,N/A,223.104.187.211(山东-潍坊),2,4,2,2,11,2,3,-3,-3,-3,-3,-3,-3,-3,-3,-3,-3,-3,-3,-3,-3,-3,-3,-3,-3,-3,-3,-3,-3,-3,-3,-3,-3,-3,-3,-3,-3,-3,-3,-3,-3,-3,-3,-3,-3,-3,-3,-3,-3,-3,-3,-3,-3,-3,-3,-3,0,0,1,0,1,2,1
256,2023/3/9 9:03:43,64秒,微信,N/A,112.224.166.167(山东-青岛),1,4,4,5,11,2,3,-3,-3,-3,-3,-3,-3,-3,-3,-3,-3,-3,-3,-3,-3,-3,-3,-3,-3,-3,-3,-3,-3,-3,-3,-3,-3,-3,-3,-3,-3,-3,-3,-3,-3,-3,-3,-3,-3,-3,-3,-3,-3,-3,-3,-3,-3,-3,-3,-3,0,0,1,0,1,2,1
257,2023/3/9 9:04:34,39秒,微信,N/A,112.224.166.167(山东-青岛),2,3,2,3,11,4,3,-3,-3,-3,-3,-3,-3,-3,-3,-3,-3,-3,-3,-3,-3,-3,-3,-3,-3,-3,-3,-3,-3,-3,-3,-3,-3,-3,-3,-3,-3,-3,-3,-3,-3,-3,-3,-3,-3,-3,-3,-3,-3,-3,-3,-3,-3,-3,-3,-3,0,0,1,0,1,2,1
258,2023/3/9 9:08:47,62秒,微信,N/A,223.104.195.25(山东-泰安),2,4,2,4,11,2,3,-3,-3,-3,-3,-3,-3,-3,-3,-3,-3,-3,-3,-3,-3,-3,-3,-3,-3,-3,-3,-3,-3,-3,-3,-3,-3,-3,-3,-3,-3,-3,-3,-3,-3,-3,-3,-3,-3,-3,-3,-3,-3,-3,-3,-3,-3,-3,-3,-3,0,0,1,0,1,2,1
259,2023/3/9 9:16:49,70秒,微信,N/A,113.127.28.196(山东-济南),1,6,4,3,11,2,3,-3,-3,-3,-3,-3,-3,-3,-3,-3,-3,-3,-3,-3,-3,-3,-3,-3,-3,-3,-3,-3,-3,-3,-3,-3,-3,-3,-3,-3,-3,-3,-3,-3,-3,-3,-3,-3,-3,-3,-3,-3,-3,-3,-3,-3,-3,-3,-3,-3,0,0,1,0,1,2,1
260,2023/3/9 10:07:13,74秒,微信,N/A,182.39.16.161(山东-济南),2,5,4,4,11,3,2,-3,-3,-3,-3,-3,-3,-3,-3,-3,-3,-3,-3,-3,-3,-3,-3,-3,-3,-3,-3,-3,-3,-3,-3,-3,-3,-3,-3,-3,-3,-3,-3,-3,-3,-3,-3,-3,-3,-3,-3,-3,-3,-3,-3,-3,-3,-3,-3,-3,0,0,1,0,1,2,1
261,2023/3/9 10:11:26,39秒,微信,N/A,221.214.142.166(山东-烟台),1,6,4,4,11,3,2,-3,-3,-3,-3,-3,-3,-3,-3,-3,-3,-3,-3,-3,-3,-3,-3,-3,-3,-3,-3,-3,-3,-3,-3,-3,-3,-3,-3,-3,-3,-3,-3,-3,-3,-3,-3,-3,-3,-3,-3,-3,-3,-3,-3,-3,-3,-3,-3,-3,0,0,1,0,1,1,1
262,2023/3/9 10:17:53,72秒,微信,N/A,112.249.101.111(山东-烟台),2,6,5,2,11,1,3,-3,-3,-3,-3,-3,-3,-3,-3,-3,-3,-3,-3,-3,-3,-3,-3,-3,-3,-3,-3,-3,-3,-3,-3,-3,-3,-3,-3,-3,-3,-3,-3,-3,-3,-3,-3,-3,-3,-3,-3,-3,-3,-3,-3,-3,-3,-3,-3,-3,0,0,1,0,1,2,1
263,2023/3/9 10:21:57,345秒,微信,N/A,223.104.187.128(山东-潍坊),2,3,2,3,11,3,3,-3,-3,-3,-3,-3,-3,-3,-3,-3,-3,-3,-3,-3,-3,-3,-3,-3,-3,-3,-3,-3,-3,-3,-3,-3,-3,-3,-3,-3,-3,-3,-3,-3,-3,-3,-3,-3,-3,-3,-3,-3,-3,-3,-3,-3,-3,-3,-3,-3,0,0,1,0,3,1,3
264,2023/3/9 10:26:43,48秒,微信,N/A,223.155.79.78(湖南-邵阳),1,4,2,4,14,4,2,-3,-3,-3,-3,-3,-3,-3,-3,-3,-3,-3,-3,-3,-3,-3,-3,-3,-3,-3,-3,-3,-3,-3,-3,-3,-3,-3,-3,-3,-3,-3,-3,-3,-3,-3,-3,-3,-3,-3,-3,-3,-3,-3,-3,-3,-3,-3,-3,-3,0,0,1,0,1,2,1
265,2023/3/9 10:50:25,214秒,微信,N/A,114.241.60.70(北京-北京),1,7,6,4,1,2,2,-3,-3,-3,-3,-3,-3,-3,-3,-3,-3,-3,-3,-3,-3,-3,-3,-3,-3,-3,-3,-3,-3,-3,-3,-3,-3,-3,-3,-3,-3,-3,-3,-3,-3,-3,-3,-3,-3,-3,-3,-3,-3,-3,-3,-3,-3,-3,-3,-3,1,0,0,0,1,1,1
266,2023/3/9 11:16:01,816秒,微信,N/A,112.224.164.109(山东-青岛),2,5,4,4,11,2,3,-3,-3,-3,-3,-3,-3,-3,-3,-3,-3,-3,-3,-3,-3,-3,-3,-3,-3,-3,-3,-3,-3,-3,-3,-3,-3,-3,-3,-3,-3,-3,-3,-3,-3,-3,-3,-3,-3,-3,-3,-3,-3,-3,-3,-3,-3,-3,-3,-3,0,0,1,0,1,2,1
267,2023/3/9 11:27:47,129秒,微信,N/A,116.249.231.101(云南-昆明),1,2,1,4,19,1,2,-3,-3,-3,-3,-3,-3,-3,-3,-3,-3,-3,-3,-3,-3,-3,-3,-3,-3,-3,-3,-3,-3,-3,-3,-3,-3,-3,-3,-3,-3,-3,-3,-3,-3,-3,-3,-3,-3,-3,-3,-3,-3,-3,-3,-3,-3,-3,-3,-3,0,0,1,0,1,1,1
268,2023/3/9 15:35:43,59秒,微信,N/A,218.69.55.117(天津-天津),1,5,5,4,30,2,2,-3,-3,-3,-3,-3,-3,-3,-3,-3,-3,-3,-3,-3,-3,-3,-3,-3,-3,-3,-3,-3,-3,-3,-3,-3,-3,-3,-3,-3,-3,-3,-3,-3,-3,-3,-3,-3,-3,-3,-3,-3,-3,-3,-3,-3,-3,-3,-3,-3,0,0,1,0,1,2,1
269,2023/3/9 19:20:19,85秒,微信,N/A,221.192.178.203(河北-石家庄),2,6,5,2,1,1,3,-3,-3,-3,-3,-3,-3,-3,-3,-3,-3,-3,-3,-3,-3,-3,-3,-3,-3,-3,-3,-3,-3,-3,-3,-3,-3,-3,-3,-3,-3,-3,-3,-3,-3,-3,-3,-3,-3,-3,-3,-3,-3,-3,-3,-3,-3,-3,-3,-3,0,0,1,0,1,1,1
270,2023/3/9 19:24:50,84秒,微信,N/A,120.202.48.36(湖北-襄阳),1,5,4,4,13,2,3,-3,-3,-3,-3,-3,-3,-3,-3,-3,-3,-3,-3,-3,-3,-3,-3,-3,-3,-3,-3,-3,-3,-3,-3,-3,-3,-3,-3,-3,-3,-3,-3,-3,-3,-3,-3,-3,-3,-3,-3,-3,-3,-3,-3,-3,-3,-3,-3,-3,0,0,1,0,1,1,1
271,2023/3/9 19:40:02,77秒,微信,N/A,120.219.208.116(河南-濮阳),1,7,6,4,12,2,3,-3,-3,-3,-3,-3,-3,-3,-3,-3,-3,-3,-3,-3,-3,-3,-3,-3,-3,-3,-3,-3,-3,-3,-3,-3,-3,-3,-3,-3,-3,-3,-3,-3,-3,-3,-3,-3,-3,-3,-3,-3,-3,-3,-3,-3,-3,-3,-3,-3,0,0,1,0,1,2,1
272,2023/3/9 19:41:41,316秒,微信,N/A,39.86.126.175(山东-烟台),1,6,4,3,11,3,1,0,0,1,0,0,0,0,1,0,0,0,0,0,0,1,1,1,0,0,0,0,1,0,1,0,1,0,1,4,3,2,4,3,1,4,4,3,4,4,4,4,4,4,3,4,3,4,3,5,-3,-3,-3,-3,1,1,58
273,2023/3/9 22:29:54,324秒,微信,N/A,39.129.5.3(云南-昆明),1,3,3,3,19,4,1,1,0,1,0,0,1,0,1,0,1,0,0,0,1,1,0,0,0,1,0,0,1,0,0,0,1,0,1,3,2,2,3,3,1,3,4,3,5,4,5,5,3,4,4,4,4,4,4,4,-3,-3,-3,-3,4,1,64
274,2023/3/9 22:39:22,196秒,手机提交,直接访问,39.144.147.14(云南-玉溪),2,2,1,4,19,1,1,1,0,1,0,0,0,0,0,0,0,1,0,0,0,0,0,0,0,0,0,1,1,0,0,0,1,0,0,2,2,2,1,1,2,5,4,4,4,4,4,3,4,3,3,4,4,3,4,5,-3,-3,-3,-3,1,1,59
275,2023/3/9 22:43:05,652秒,微信,N/A,39.129.5.3(云南-昆明),1,3,3,5,19,4,1,1,0,1,0,0,1,0,1,0,1,1,0,0,1,1,0,0,0,1,0,0,1,0,0,0,1,0,0,2,2,3,4,3,1,4,4,3,5,3,5,5,4,4,4,4,3,4,4,4,-3,-3,-3,-3,4,1,64
276,2023/3/9 22:50:50,144秒,微信,N/A,39.129.5.3(云南-昆明),1,3,4,5,19,4,1,0,0,1,0,0,0,0,0,0,0,1,0,0,1,0,0,0,0,1,0,0,1,0,0,0,0,0,1,1,1,2,2,2,1,4,4,3,5,4,5,5,4,5,5,5,4,4,4,4,-3,-3,-3,-3,3,1,68
277,2023/3/9 23:04:33,112秒,微信,N/A,39.129.5.3(云南-昆明),1,3,4,5,19,4,1,0,0,1,0,0,1,0,0,0,1,1,0,0,1,1,1,1,1,0,0,0,1,1,0,0,0,1,1,3,2,2,2,2,1,5,5,3,5,5,5,5,4,4,4,4,3,4,3,4,-3,-3,-3,-3,4,1,67
278,2023/3/9 23:07:31,147秒,微信,N/A,39.129.5.3(云南-昆明),1,3,3,4,19,4,1,0,0,1,0,0,0,0,0,1,1,1,0,0,1,0,0,0,1,1,1,0,1,1,0,0,0,1,1,3,2,2,4,3,1,4,4,4,5,4,4,4,3,4,3,4,2,4,4,4,-3,-3,-3,-3,5,1,62
279,2023/3/9 23:10:34,111秒,微信,N/A,39.129.5.3(云南-昆明),1,3,3,5,31,4,1,1,0,1,0,0,0,1,0,1,1,1,0,0,0,0,0,0,1,1,1,0,1,0,0,0,0,0,1,5,2,2,4,4,1,4,4,3,5,4,5,5,3,4,4,4,3,4,4,4,-3,-3,-3,-3,5,1,65
280,2023/3/9 23:24:51,370秒,微信,N/A,39.129.5.3(云南-昆明),1,3,3,3,19,2,1,1,1,1,1,0,1,0,0,1,1,0,0,0,1,1,1,0,1,1,0,0,1,1,0,0,0,0,1,3,1,3,6,3,1,4,4,2,5,4,5,5,3,4,4,4,3,3,4,4,-3,-3,-3,-3,4,1,62
281,2023/3/9 23:53:45,97秒,微信,N/A,180.130.10.205(云南-昆明),2,3,3,5,19,3,1,1,0,1,0,0,1,0,1,0,1,0,0,0,1,1,1,0,0,0,0,0,1,1,0,0,1,1,0,3,3,2,2,4,1,3,4,2,5,4,5,5,3,3,4,4,3,4,3,4,-3,-3,-3,-3,4,1,60
282,2023/3/9 23:54:56,54秒,微信,N/A,180.130.10.205(云南-昆明),2,2,1,4,19,1,1,0,0,1,0,0,0,0,0,0,0,1,0,0,1,0,0,0,0,0,0,0,1,0,0,0,1,0,0,1,2,2,2,2,1,3,4,4,3,3,4,3,3,3,4,4,3,3,4,3,-3,-3,-3,-3,3,1,54
283,2023/3/10 0:05:36,88秒,微信,N/A,39.129.5.3(云南-昆明),1,3,3,3,18,4,1,1,0,1,0,0,1,1,0,1,1,1,0,0,1,1,0,0,0,0,0,0,1,0,0,0,0,0,1,5,1,3,6,3,1,4,4,4,5,4,5,5,4,4,4,4,3,3,3,3,-3,-3,-3,-3,4,1,63
284,2023/3/10 0:08:05,130秒,微信,N/A,39.129.5.3(云南-昆明),1,4,5,2,19,4,1,1,0,1,0,0,0,1,1,0,1,1,0,0,1,1,0,1,1,1,0,0,1,0,0,0,0,0,1,4,1,2,5,2,1,3,4,2,5,5,5,5,3,3,3,3,3,2,2,4,-3,-3,-3,-3,4,1,56
285,2023/3/10 0:08:50,53秒,微信,N/A,39.129.5.32(云南-昆明),1,1,1,2,19,1,3,-3,-3,-3,-3,-3,-3,-3,-3,-3,-3,-3,-3,-3,-3,-3,-3,-3,-3,-3,-3,-3,-3,-3,-3,-3,-3,-3,-3,-3,-3,-3,-3,-3,-3,-3,-3,-3,-3,-3,-3,-3,-3,-3,-3,-3,-3,-3,-3,-3,0,0,1,0,3,1,3
286,2023/3/10 0:14:16,92秒,手机提交,直接访问,39.129.5.25(云南-昆明),1,7,6,1,19,1,1,1,0,1,0,0,1,1,0,0,0,0,1,0,1,1,0,0,0,0,0,0,1,0,0,0,0,0,1,2,2,2,2,2,2,4,4,3,4,4,4,2,2,3,3,4,3,3,4,4,-3,-3,-3,-3,3,1,54
287,2023/3/10 0:19:36,135秒,手机提交,直接访问,39.129.5.25(云南-昆明),1,6,2,1,19,2,1,1,1,1,0,0,1,1,1,0,1,1,0,0,1,1,0,0,0,1,0,0,1,1,0,0,1,1,0,5,2,2,5,2,1,4,4,3,4,4,4,2,2,3,3,3,3,3,3,4,-3,-3,-3,-3,4,1,53
288,2023/3/10 0:22:49,154秒,手机提交,直接访问,39.129.5.25(云南-昆明),1,5,4,3,19,2,1,1,1,1,0,0,1,0,1,1,0,1,0,0,1,0,0,0,0,1,0,0,1,1,0,0,0,1,1,5,2,2,6,3,1,4,4,4,4,4,4,3,3,3,3,3,3,3,4,4,-3,-3,-3,-3,4,1,57
289,2023/3/10 0:26:34,101秒,手机提交,直接访问,39.129.5.25(云南-昆明),1,6,3,3,19,4,1,1,1,1,0,0,0,1,1,0,1,1,0,0,1,1,0,0,0,1,0,0,1,1,1,0,1,1,0,5,2,3,6,3,2,4,3,4,4,3,4,3,3,3,4,4,3,3,4,4,-3,-3,-3,-3,4,1,57
290,2023/3/10 0:34:30,172秒,手机提交,直接访问,39.129.5.25(云南-昆明),1,6,2,1,19,3,1,1,1,1,0,0,0,0,1,0,1,1,1,0,1,1,0,0,0,0,0,0,0,1,1,0,1,1,0,5,2,2,6,3,2,4,4,3,4,4,4,3,3,3,4,4,4,4,4,4,-3,-3,-3,-3,4,1,60
291,2023/3/10 10:18:31,362秒,微信,N/A,39.129.5.3(云南-昆明),1,4,3,4,19,4,1,1,0,1,0,0,0,0,0,1,1,1,0,0,1,1,0,0,0,1,0,0,1,0,0,0,0,0,1,4,2,2,5,2,1,4,4,2,5,4,5,5,4,4,4,4,3,4,4,4,-3,-3,-3,-3,4,1,64
292,2023/3/10 10:33:01,198秒,微信,N/A,39.129.5.3(云南-昆明),1,4,3,2,19,4,1,1,1,1,0,0,0,1,0,1,1,1,1,0,1,1,0,0,0,1,0,0,1,1,1,0,0,1,1,5,2,2,6,3,1,4,4,4,5,4,5,5,4,4,4,4,3,3,4,4,-3,-3,-3,-3,5,1,66
293,2023/3/10 11:55:22,80秒,微信,N/A,1.68.116.205(山西-太原),1,5,4,5,2,3,2,-3,-3,-3,-3,-3,-3,-3,-3,-3,-3,-3,-3,-3,-3,-3,-3,-3,-3,-3,-3,-3,-3,-3,-3,-3,-3,-3,-3,-3,-3,-3,-3,-3,-3,-3,-3,-3,-3,-3,-3,-3,-3,-3,-3,-3,-3,-3,-3,-3,0,0,1,0,3,1,3
294,2023/3/10 22:47:36,80秒,微信,N/A,180.130.10.15(云南-昆明),1,3,3,4,19,2,1,1,0,1,1,0,1,0,1,0,0,1,0,0,1,0,0,0,0,0,0,0,1,0,0,0,1,0,0,2,2,2,2,2,1,4,5,1,5,5,5,5,1,5,4,4,1,1,2,4,-3,-3,-3,-3,2,1,54
295,2023/3/10 22:48:28,140秒,微信,N/A,39.129.5.41(云南-昆明),1,1,1,2,21,1,1,0,0,1,0,0,0,0,0,1,0,0,0,0,0,1,1,0,1,0,1,0,1,0,0,0,1,0,0,6,2,2,6,2,1,5,5,5,5,5,5,1,1,1,1,1,1,1,1,5,-3,-3,-3,-3,3,1,46
296,2023/3/10 22:48:45,60秒,微信,N/A,180.130.10.15(云南-昆明),2,3,4,4,19,3,1,1,0,1,0,0,1,1,1,0,0,1,0,0,1,0,0,0,0,0,0,0,1,1,0,0,1,0,1,3,2,2,3,3,1,5,5,1,5,5,4,4,1,1,4,4,1,1,2,4,-3,-3,-3,-3,4,1,51
297,2023/3/10 22:50:01,67秒,微信,N/A,180.130.10.15(云南-昆明),1,3,3,4,20,3,1,1,1,1,0,0,1,0,1,0,0,1,1,0,1,0,0,0,0,0,0,0,1,1,0,0,1,0,1,2,3,3,3,3,1,5,5,1,5,5,5,5,1,1,2,2,1,1,2,5,-3,-3,-3,-3,4,1,50
298,2023/3/10 22:50:38,94秒,微信,N/A,39.129.5.41(云南-昆明),1,7,6,5,29,4,1,1,1,1,1,0,1,1,1,1,1,1,1,0,1,0,1,0,0,0,0,0,1,0,0,0,1,0,0,6,5,3,6,6,1,1,5,1,5,5,5,5,1,1,1,1,1,1,1,5,-3,-3,-3,-3,5,1,44
299,2023/3/10 22:51:30,81秒,微信,N/A,180.130.10.15(云南-昆明),2,4,4,5,19,3,1,0,0,1,1,0,0,0,1,0,0,0,1,0,1,0,0,0,0,0,0,0,1,0,1,0,1,0,1,2,2,2,2,2,1,5,5,1,5,5,5,4,1,1,1,2,1,1,1,5,-3,-3,-3,-3,3,1,46
300,2023/3/10 22:52:49,71秒,微信,N/A,180.130.10.15(云南-昆明),1,5,5,4,19,2,1,1,0,1,0,0,0,0,0,1,1,0,0,0,1,0,0,0,0,0,0,0,1,0,1,0,0,1,1,3,2,3,3,2,1,5,5,2,5,2,5,5,1,1,1,1,1,1,1,5,-3,-3,-3,-3,4,1,45
301,2023/3/10 22:54:05,68秒,微信,N/A,180.130.10.15(云南-昆明),2,4,4,5,19,3,1,1,0,1,0,0,0,1,0,0,0,0,1,0,1,0,0,0,0,0,0,0,1,0,0,0,0,0,1,2,3,2,3,2,1,5,5,2,5,5,5,5,1,1,1,1,1,1,1,4,-3,-3,-3,-3,4,1,47
302,2023/3/10 22:54:48,26秒,微信,N/A,180.130.10.15(云南-昆明),1,3,4,5,19,3,2,-3,-3,-3,-3,-3,-3,-3,-3,-3,-3,-3,-3,-3,-3,-3,-3,-3,-3,-3,-3,-3,-3,-3,-3,-3,-3,-3,-3,-3,-3,-3,-3,-3,-3,-3,-3,-3,-3,-3,-3,-3,-3,-3,-3,-3,-3,-3,-3,-3,0,0,1,0,2,1,2
303,2023/3/10 22:55:01,190秒,微信,N/A,221.213.101.205(云南-昆明),1,1,1,3,4,1,1,0,1,0,0,0,0,0,0,1,1,0,1,0,1,0,0,0,0,1,0,0,0,1,1,0,1,0,1,6,1,3,5,2,1,5,5,5,5,5,5,5,5,5,5,5,5,5,5,5,-3,-3,-3,-3,5,1,80
304,2023/3/10 22:55:16,22秒,微信,N/A,180.130.10.15(云南-昆明),2,4,4,5,19,3,2,-3,-3,-3,-3,-3,-3,-3,-3,-3,-3,-3,-3,-3,-3,-3,-3,-3,-3,-3,-3,-3,-3,-3,-3,-3,-3,-3,-3,-3,-3,-3,-3,-3,-3,-3,-3,-3,-3,-3,-3,-3,-3,-3,-3,-3,-3,-3,-3,-3,0,0,0,1,3,1,3
305,2023/3/10 22:56:13,51秒,微信,N/A,180.130.10.15(云南-昆明),1,4,3,5,19,3,1,1,1,1,0,0,0,0,1,0,1,1,1,0,1,0,0,0,0,0,0,0,1,1,1,0,1,1,0,3,3,3,3,3,2,5,5,2,5,5,5,5,1,1,1,1,1,1,1,4,-3,-3,-3,-3,4,1,47
306,2023/3/10 22:56:28,79秒,微信,N/A,221.213.101.205(云南-昆明),1,7,3,4,3,3,1,1,0,0,0,0,1,0,0,0,1,0,1,0,1,0,0,0,1,0,0,0,1,1,1,1,1,1,1,5,1,3,6,4,1,2,5,2,5,5,5,5,5,5,5,5,1,5,5,5,-3,-3,-3,-3,5,1,70
307,2023/3/10 22:56:31,272秒,微信,N/A,39.129.5.41(云南-昆明),1,1,1,2,28,1,1,0,0,1,0,0,0,0,0,0,0,1,0,0,0,1,1,1,1,1,1,0,1,0,0,0,1,0,0,6,3,2,6,2,2,1,1,1,5,1,1,5,1,1,1,1,1,1,1,1,-3,-3,-3,-3,2,1,25
308,2023/3/10 22:57:41,81秒,微信,N/A,180.130.10.15(云南-昆明),2,5,5,4,19,3,1,0,1,1,0,0,0,0,1,0,0,1,0,0,1,0,0,0,0,0,0,0,1,0,1,0,1,0,0,2,2,2,2,2,1,5,5,1,5,5,5,4,1,1,1,1,1,1,1,4,-3,-3,-3,-3,4,1,45
309,2023/3/10 22:57:50,75秒,微信,N/A,221.213.101.205(云南-昆明),1,1,1,4,6,1,1,0,0,1,0,0,1,0,0,0,0,0,1,0,1,0,0,0,0,0,0,0,1,0,1,0,1,0,1,5,2,2,4,3,1,5,1,5,5,5,5,5,5,5,5,5,1,5,5,5,-3,-3,-3,-3,4,1,71
310,2023/3/10 22:58:42,54秒,微信,N/A,180.130.10.15(云南-昆明),1,3,3,5,19,3,1,1,0,1,0,0,0,0,0,0,1,1,1,0,1,0,0,0,0,0,0,0,1,1,1,0,0,1,1,3,3,2,3,3,1,4,5,1,5,5,5,5,1,1,1,1,1,1,1,4,-3,-3,-3,-3,4,1,45
311,2023/3/10 22:59:02,143秒,微信,N/A,39.129.5.41(云南-昆明),1,7,6,2,3,1,1,1,0,1,0,0,1,0,0,1,0,1,0,0,1,1,1,1,1,1,1,0,1,0,0,0,1,0,0,6,3,2,6,3,1,5,5,1,5,5,5,5,1,1,1,1,1,1,1,5,-3,-3,-3,-3,3,1,46
312,2023/3/10 22:59:19,81秒,微信,N/A,221.213.101.205(云南-昆明),1,7,2,2,5,2,1,1,1,1,0,0,1,0,0,1,1,0,0,0,1,1,1,0,1,0,0,0,1,1,1,0,1,1,1,6,5,3,6,5,1,5,5,1,5,5,5,5,5,5,5,5,5,5,5,5,-3,-3,-3,-3,5,1,76
313,2023/3/10 23:00:08,70秒,微信,N/A,180.130.10.15(云南-昆明),2,4,2,4,19,3,1,1,0,1,0,0,0,0,0,0,1,0,1,0,1,0,0,0,0,0,0,0,1,0,1,0,0,0,1,2,3,2,2,2,1,4,5,1,5,5,5,5,1,1,1,5,1,1,1,5,-3,-3,-3,-3,5,1,51
314,2023/3/10 23:00:29,65秒,微信,N/A,221.213.101.205(云南-昆明),1,1,1,3,3,1,1,0,0,1,0,0,0,0,0,0,1,0,1,0,1,0,1,0,0,0,0,0,1,1,1,0,1,0,1,5,2,2,5,2,1,5,5,5,5,5,5,5,5,5,5,5,5,5,5,5,-3,-3,-3,-3,4,1,79
315,2023/3/10 23:00:48,103秒,微信,N/A,39.129.5.41(云南-昆明),1,1,1,1,22,1,1,0,0,1,0,0,0,0,0,0,0,1,0,0,0,0,1,0,0,0,0,0,1,0,0,0,0,1,0,6,3,2,6,1,1,5,5,5,5,1,1,1,1,1,5,5,5,5,5,5,-3,-3,-3,-3,2,1,57
316,2023/3/10 23:01:40,63秒,微信,N/A,221.213.101.205(云南-昆明),1,7,3,5,19,4,1,1,1,1,0,1,1,1,0,0,1,0,1,0,1,1,0,0,1,1,0,0,1,1,1,1,1,1,1,6,5,3,6,4,1,5,5,5,5,5,5,5,5,5,5,5,5,5,5,5,-3,-3,-3,-3,4,1,79
317,2023/3/10 23:02:19,32秒,微信,N/A,221.213.101.205(云南-昆明),1,1,1,4,17,1,2,-3,-3,-3,-3,-3,-3,-3,-3,-3,-3,-3,-3,-3,-3,-3,-3,-3,-3,-3,-3,-3,-3,-3,-3,-3,-3,-3,-3,-3,-3,-3,-3,-3,-3,-3,-3,-3,-3,-3,-3,-3,-3,-3,-3,-3,-3,-3,-3,-3,0,0,1,0,3,1,3
318,2023/3/10 23:02:37,101秒,微信,N/A,39.129.5.41(云南-昆明),1,7,3,4,31,4,1,1,1,1,1,0,0,0,0,0,1,0,0,0,1,0,1,0,0,0,0,0,1,1,0,0,0,1,0,6,5,3,6,6,1,5,5,5,1,5,1,1,1,1,5,5,5,1,5,1,-3,-3,-3,-3,3,1,50
319,2023/3/10 23:02:55,30秒,微信,N/A,221.213.101.205(云南-昆明),1,1,1,3,18,1,2,-3,-3,-3,-3,-3,-3,-3,-3,-3,-3,-3,-3,-3,-3,-3,-3,-3,-3,-3,-3,-3,-3,-3,-3,-3,-3,-3,-3,-3,-3,-3,-3,-3,-3,-3,-3,-3,-3,-3,-3,-3,-3,-3,-3,-3,-3,-3,-3,-3,1,0,1,0,4,1,4
320,2023/3/10 23:04:18,77秒,微信,N/A,221.213.101.205(云南-昆明),1,7,4,4,19,4,1,1,1,1,0,0,1,0,1,1,1,1,1,0,1,1,1,1,0,1,0,0,1,1,1,1,1,1,1,6,2,3,6,4,1,5,5,5,5,5,5,5,5,5,5,5,5,5,5,5,-3,-3,-3,-3,4,1,79
321,2023/3/10 23:04:30,93秒,微信,N/A,39.129.5.41(云南-昆明),1,7,6,1,8,1,1,1,1,1,1,0,0,0,0,0,0,1,1,0,1,1,1,0,0,0,0,0,1,1,0,0,0,1,0,6,3,3,6,4,1,5,5,5,5,5,5,5,1,5,5,5,5,5,5,5,-3,-3,-3,-3,5,1,76
322,2023/3/10 23:04:55,32秒,微信,N/A,221.213.101.205(云南-昆明),1,1,1,2,14,2,2,-3,-3,-3,-3,-3,-3,-3,-3,-3,-3,-3,-3,-3,-3,-3,-3,-3,-3,-3,-3,-3,-3,-3,-3,-3,-3,-3,-3,-3,-3,-3,-3,-3,-3,-3,-3,-3,-3,-3,-3,-3,-3,-3,-3,-3,-3,-3,-3,-3,1,0,0,0,4,1,4
323,2023/3/10 23:06:03,87秒,微信,N/A,39.129.5.41(云南-昆明),1,2,2,2,24,3,1,1,1,1,1,0,1,1,1,1,1,1,1,0,1,0,1,0,0,1,0,0,1,1,1,0,0,1,0,6,3,3,6,5,1,5,5,5,5,5,5,5,5,5,5,5,5,5,5,5,-3,-3,-3,-3,5,1,80
324,2023/3/10 23:06:04,63秒,微信,N/A,221.213.101.205(云南-昆明),1,7,2,2,4,3,1,1,1,1,1,1,1,0,1,0,1,1,1,0,1,1,0,1,0,1,0,0,1,1,1,1,1,1,1,6,1,3,6,4,1,5,5,1,5,5,5,5,5,5,1,5,1,5,5,5,-3,-3,-3,-3,3,1,66
325,2023/3/10 23:07:39,30秒,微信,N/A,221.213.101.205(云南-昆明),1,1,1,3,14,2,2,-3,-3,-3,-3,-3,-3,-3,-3,-3,-3,-3,-3,-3,-3,-3,-3,-3,-3,-3,-3,-3,-3,-3,-3,-3,-3,-3,-3,-3,-3,-3,-3,-3,-3,-3,-3,-3,-3,-3,-3,-3,-3,-3,-3,-3,-3,-3,-3,-3,0,1,1,0,3,1,3
326,2023/3/10 23:07:57,101秒,微信,N/A,39.129.5.41(云南-昆明),1,1,1,2,2,1,1,0,0,1,0,0,0,0,0,0,0,1,0,0,0,0,1,1,0,0,0,0,1,0,0,0,0,1,0,6,2,2,6,6,1,1,1,1,1,1,1,1,1,1,1,1,1,1,1,1,-3,-3,-3,-3,3,1,18
327,2023/3/10 23:12:24,218秒,微信,N/A,39.129.5.48(云南-昆明),1,3,3,5,19,4,1,1,0,0,0,0,0,0,0,0,1,0,1,0,1,1,0,0,0,1,0,0,0,1,0,0,1,0,0,4,2,2,4,2,1,5,5,1,5,5,5,5,5,5,5,5,1,5,5,5,-3,-3,-3,-3,5,1,72
328,2023/3/10 23:42:54,546秒,微信,N/A,39.129.5.48(云南-昆明),1,7,6,2,14,1,1,1,0,0,0,0,1,1,0,0,0,1,0,0,1,1,1,1,1,1,1,0,1,1,0,0,1,0,1,3,2,2,4,2,1,5,5,1,5,5,5,5,5,5,5,5,1,5,5,5,-3,-3,-3,-3,5,1,72
329,2023/3/10 23:42:55,301秒,链接,直接访问,39.129.5.43(云南-昆明),1,1,1,3,25,1,3,-3,-3,-3,-3,-3,-3,-3,-3,-3,-3,-3,-3,-3,-3,-3,-3,-3,-3,-3,-3,-3,-3,-3,-3,-3,-3,-3,-3,-3,-3,-3,-3,-3,-3,-3,-3,-3,-3,-3,-3,-3,-3,-3,-3,-3,-3,-3,-3,-3,0,0,1,0,2,1,2
330,2023/3/10 23:45:14,67秒,微信,N/A,39.129.5.48(云南-昆明),1,7,6,1,3,1,2,-3,-3,-3,-3,-3,-3,-3,-3,-3,-3,-3,-3,-3,-3,-3,-3,-3,-3,-3,-3,-3,-3,-3,-3,-3,-3,-3,-3,-3,-3,-3,-3,-3,-3,-3,-3,-3,-3,-3,-3,-3,-3,-3,-3,-3,-3,-3,-3,-3,0,1,0,0,2,1,2
331,2023/3/10 23:46:22,61秒,微信,N/A,39.129.5.48(云南-昆明),1,2,1,4,33,1,2,-3,-3,-3,-3,-3,-3,-3,-3,-3,-3,-3,-3,-3,-3,-3,-3,-3,-3,-3,-3,-3,-3,-3,-3,-3,-3,-3,-3,-3,-3,-3,-3,-3,-3,-3,-3,-3,-3,-3,-3,-3,-3,-3,-3,-3,-3,-3,-3,-3,0,1,0,0,2,1,2
332,2023/3/10 23:46:30,155秒,链接,直接访问,39.129.5.43(云南-昆明),2,1,1,2,25,1,1,0,0,1,0,0,0,0,0,0,0,1,0,0,1,1,1,0,0,0,0,0,1,0,0,0,0,0,1,2,2,2,2,1,1,2,1,2,1,1,2,1,2,1,1,1,1,1,1,4,-3,-3,-3,-3,3,1,25
333,2023/3/10 23:47:58,87秒,微信,N/A,39.129.5.48(云南-昆明),1,1,1,3,32,1,2,-3,-3,-3,-3,-3,-3,-3,-3,-3,-3,-3,-3,-3,-3,-3,-3,-3,-3,-3,-3,-3,-3,-3,-3,-3,-3,-3,-3,-3,-3,-3,-3,-3,-3,-3,-3,-3,-3,-3,-3,-3,-3,-3,-3,-3,-3,-3,-3,-3,0,1,0,0,3,1,3
334,2023/3/10 23:48:24,13秒,微信,N/A,39.129.5.48(云南-昆明),1,1,1,3,21,1,2,-3,-3,-3,-3,-3,-3,-3,-3,-3,-3,-3,-3,-3,-3,-3,-3,-3,-3,-3,-3,-3,-3,-3,-3,-3,-3,-3,-3,-3,-3,-3,-3,-3,-3,-3,-3,-3,-3,-3,-3,-3,-3,-3,-3,-3,-3,-3,-3,-3,0,1,0,0,2,1,2
335,2023/3/10 23:49:04,33秒,微信,N/A,39.129.5.48(云南-昆明),1,1,1,2,31,1,2,-3,-3,-3,-3,-3,-3,-3,-3,-3,-3,-3,-3,-3,-3,-3,-3,-3,-3,-3,-3,-3,-3,-3,-3,-3,-3,-3,-3,-3,-3,-3,-3,-3,-3,-3,-3,-3,-3,-3,-3,-3,-3,-3,-3,-3,-3,-3,-3,-3,0,1,0,0,2,1,2
336,2023/3/10 23:49:41,180秒,链接,直接访问,39.129.5.43(云南-昆明),1,2,4,5,19,2,1,0,0,1,0,0,0,0,0,0,0,1,0,0,1,1,0,0,0,1,0,0,1,0,1,0,1,0,0,3,2,3,5,3,1,5,2,1,2,2,5,1,2,1,2,1,2,1,2,4,-3,-3,-3,-3,2,1,35
337,2023/3/10 23:50:19,70秒,微信,N/A,39.129.5.48(云南-昆明),1,1,1,2,15,1,1,0,0,1,0,0,0,0,0,0,0,1,0,0,0,0,0,1,0,0,0,0,0,0,0,1,0,0,1,1,1,1,1,1,1,5,1,1,5,1,5,1,1,1,1,1,1,1,1,1,-3,-3,-3,-3,1,1,28
338,2023/3/11 0:02:21,746秒,链接,直接访问,39.129.5.43(云南-昆明),2,2,1,4,2,1,1,0,0,1,0,0,0,0,0,0,0,1,0,0,1,0,1,0,0,1,0,0,1,0,0,0,1,0,0,2,1,3,3,2,1,5,5,1,5,1,5,1,1,1,1,1,1,1,1,5,-3,-3,-3,-3,4,1,39
339,2023/3/11 0:07:36,151秒,手机提交,直接访问,39.129.5.43(云南-昆明),1,3,4,4,10,2,1,1,0,1,0,0,0,0,1,1,0,1,0,0,1,1,0,0,0,1,0,0,1,1,0,0,1,0,0,2,2,3,4,2,1,5,5,1,5,1,5,1,5,2,2,1,2,2,5,5,-3,-3,-3,-3,4,1,51
340,2023/3/11 0:10:22,33秒,微信,N/A,39.129.5.48(云南-昆明),1,1,1,3,10,1,2,-3,-3,-3,-3,-3,-3,-3,-3,-3,-3,-3,-3,-3,-3,-3,-3,-3,-3,-3,-3,-3,-3,-3,-3,-3,-3,-3,-3,-3,-3,-3,-3,-3,-3,-3,-3,-3,-3,-3,-3,-3,-3,-3,-3,-3,-3,-3,-3,-3,0,1,0,0,2,1,2
341,2023/3/11 0:12:45,233秒,手机提交,直接访问,39.129.5.43(云南-昆明),2,3,5,3,7,3,1,1,0,1,0,1,1,1,0,1,0,1,0,0,1,1,1,0,0,0,0,0,1,1,1,0,1,0,0,3,2,3,4,2,1,5,2,1,5,1,5,1,1,1,1,1,2,5,5,5,-3,-3,-3,-3,4,1,45
342,2023/3/11 0:14:00,70秒,微信,N/A,39.129.5.48(云南-昆明),1,1,1,3,20,1,2,-3,-3,-3,-3,-3,-3,-3,-3,-3,-3,-3,-3,-3,-3,-3,-3,-3,-3,-3,-3,-3,-3,-3,-3,-3,-3,-3,-3,-3,-3,-3,-3,-3,-3,-3,-3,-3,-3,-3,-3,-3,-3,-3,-3,-3,-3,-3,-3,-3,0,1,0,0,1,1,1
343,2023/3/11 0:19:52,421秒,手机提交,直接访问,39.129.5.43(云南-昆明),1,4,5,4,25,3,1,1,0,1,0,1,1,1,0,1,1,0,0,0,1,0,1,0,0,0,0,0,1,1,0,0,1,1,0,4,2,3,4,2,1,2,5,1,5,5,5,1,1,5,5,1,1,1,1,5,-3,-3,-3,-3,4,1,48
344,2023/3/11 0:22:58,178秒,手机提交,直接访问,39.129.5.43(云南-昆明),2,5,2,2,15,4,1,1,1,1,0,0,0,1,0,1,1,1,0,0,1,0,1,0,0,1,0,0,1,1,0,0,1,1,0,4,2,3,6,3,1,2,5,2,5,2,5,1,1,5,1,1,2,2,5,5,-3,-3,-3,-3,2,1,46
345,2023/3/11 0:25:27,179秒,微信,N/A,39.129.5.48(云南-昆明),1,3,4,5,16,4,1,1,0,1,0,0,0,0,0,1,1,1,1,0,1,1,1,1,1,1,1,0,1,0,0,0,1,0,1,3,2,2,5,2,1,5,5,1,5,1,5,1,1,5,1,5,1,5,1,1,-3,-3,-3,-3,4,1,47
346,2023/3/11 0:30:36,207秒,微信,N/A,39.129.5.48(云南-昆明),1,3,4,5,7,4,1,1,0,1,0,0,0,0,0,0,0,1,1,0,0,0,1,0,1,1,1,0,1,0,0,0,1,0,1,4,2,2,5,3,1,5,1,5,5,5,5,5,1,1,5,5,1,5,5,1,-3,-3,-3,-3,2,1,57
347,2023/3/11 0:34:39,693秒,手机提交,直接访问,39.129.5.43(云南-昆明),1,5,4,3,8,3,1,1,0,1,0,0,1,1,0,0,0,1,0,0,1,0,0,1,0,1,0,0,1,1,0,0,1,1,0,2,2,3,4,2,1,2,5,2,5,5,5,2,5,5,2,2,2,2,5,5,-3,-3,-3,-3,2,1,56
348,2023/3/11 0:40:32,350秒,手机提交,直接访问,39.129.5.43(云南-昆明),1,5,4,3,19,3,1,1,0,1,0,0,1,1,0,0,0,1,0,0,1,0,0,0,0,1,0,0,1,1,0,0,0,1,1,3,2,3,4,3,2,5,5,2,5,5,5,2,2,2,2,2,1,1,5,5,-3,-3,-3,-3,2,1,51
349,2023/3/11 0:43:07,153秒,手机提交,直接访问,39.129.5.43(云南-昆明),1,6,3,3,25,4,1,1,1,1,0,0,0,0,1,0,1,1,0,0,1,1,1,0,0,1,0,0,1,1,1,0,1,1,0,3,2,3,4,3,2,4,5,1,5,5,5,1,1,5,5,1,1,1,1,5,-3,-3,-3,-3,3,1,49
350,2023/3/11 0:44:37,88秒,手机提交,直接访问,39.129.5.43(云南-昆明),1,6,2,1,15,3,1,1,0,1,0,0,1,0,0,0,0,1,0,0,1,0,0,0,0,1,0,0,1,0,1,0,1,0,1,2,1,3,4,2,1,5,5,1,5,5,5,1,1,1,5,5,2,2,1,5,-3,-3,-3,-3,2,1,51
351,2023/3/11 0:46:33,113秒,手机提交,直接访问,39.129.5.43(云南-昆明),1,7,6,1,17,1,1,1,0,0,0,0,1,0,0,0,0,0,0,0,1,1,0,0,0,1,0,0,1,0,0,0,0,0,1,2,1,3,3,2,2,5,5,1,5,5,5,2,2,2,5,2,1,1,5,5,-3,-3,-3,-3,3,1,54
352,2023/3/11 1:24:28,210秒,微信,N/A,39.129.5.48(云南-昆明),1,7,6,3,14,1,1,1,0,1,0,0,0,1,0,0,1,0,1,0,0,1,1,1,1,1,1,0,1,0,0,0,0,0,1,4,2,2,5,2,1,5,2,1,5,5,5,5,1,2,2,5,2,2,5,4,-3,-3,-3,-3,4,1,55
353,2023/3/11 9:32:32,86秒,微信,N/A,39.129.5.41(云南-昆明),1,1,1,1,25,1,1,0,0,1,0,0,0,0,0,0,0,1,0,0,1,1,0,1,0,1,0,0,1,0,0,0,1,0,0,6,2,2,6,3,1,5,5,1,5,5,5,5,5,5,5,5,5,5,5,5,-3,-3,-3,-3,5,1,76
354,2023/3/11 9:34:21,96秒,微信,N/A,39.129.5.41(云南-昆明),1,1,1,1,22,1,1,0,0,1,0,0,0,0,0,0,0,1,0,0,0,0,1,0,1,0,1,0,1,0,0,0,1,0,1,6,2,2,6,2,1,5,5,1,5,5,5,5,5,5,5,5,5,5,5,5,-3,-3,-3,-3,1,1,72
355,2023/3/11 9:37:38,186秒,微信,N/A,39.129.5.41(云南-昆明),1,5,5,2,20,2,1,0,1,1,0,0,0,0,0,0,1,0,0,0,1,0,0,1,0,1,0,0,1,1,0,0,0,1,0,6,3,2,6,3,1,5,5,5,5,5,5,5,5,5,5,5,1,5,5,5,-3,-3,-3,-3,3,1,74
356,2023/3/11 10:29:28,197秒,手机提交,直接访问,14.204.0.83(云南-昆明),1,2,2,5,1,3,1,1,0,1,0,0,0,0,0,1,1,0,1,0,0,0,0,1,1,0,0,0,1,1,0,0,0,0,1,3,2,2,4,2,1,5,5,1,5,5,5,1,1,1,5,5,1,5,1,2,-3,-3,-3,-3,3,1,51
357,2023/3/11 10:59:52,134秒,手机提交,直接访问,14.204.0.83(云南-昆明),1,1,1,2,1,1,1,1,0,0,0,0,0,0,0,0,0,1,0,0,0,0,0,0,1,0,0,0,0,0,1,0,0,0,1,2,2,3,4,2,1,2,2,1,5,5,5,5,1,1,5,5,3,2,1,1,-3,-3,-3,-3,2,1,46
358,2023/3/11 11:04:51,218秒,手机提交,直接访问,14.204.0.83(云南-昆明),1,3,2,3,1,2,1,1,0,0,0,0,1,0,0,0,0,1,1,0,0,1,1,0,0,0,0,0,0,1,0,0,1,0,0,2,2,2,4,2,1,5,5,1,5,5,5,5,1,1,2,2,2,2,2,5,-3,-3,-3,-3,2,1,50
359,2023/3/11 11:07:38,91秒,手机提交,直接访问,14.204.0.83(云南-昆明),1,3,2,3,1,2,1,1,0,0,0,0,1,0,0,0,0,0,1,0,0,1,1,0,0,0,0,0,1,0,0,0,1,0,0,2,2,2,4,2,1,1,5,2,5,5,5,5,2,1,5,5,2,4,2,5,-3,-3,-3,-3,2,1,56
360,2023/3/11 11:16:53,78秒,手机提交,直接访问,14.204.0.83(云南-昆明),1,4,2,3,1,2,1,1,0,0,0,0,1,0,0,1,0,0,1,0,0,1,1,0,0,0,0,0,1,0,0,0,1,0,0,3,2,2,4,2,1,3,3,1,5,5,5,2,4,1,4,5,2,5,2,5,-3,-3,-3,-3,2,1,54
361,2023/3/11 11:46:30,343秒,微信,N/A,182.116.192.74(河南-濮阳),1,7,6,3,20,2,1,0,0,1,0,1,0,0,0,0,0,0,0,1,0,0,0,0,0,0,0,1,1,0,0,0,1,0,0,3,1,1,3,1,1,1,1,1,1,2,2,2,2,2,2,2,1,2,2,2,-3,-3,-3,-3,2,2,27
362,2023/3/11 12:07:40,126秒,微信,N/A,60.233.17.125(山东-济南),2,5,4,4,11,3,1,1,0,0,0,0,1,1,1,1,1,0,1,1,1,1,1,0,0,1,0,0,1,0,0,0,1,0,0,2,1,2,2,1,1,5,5,5,5,5,5,5,5,5,5,5,5,5,5,5,-3,-3,-3,-3,5,2,80
363,2023/3/11 12:07:41,86秒,微信,N/A,39.129.5.48(云南-昆明),1,7,5,2,13,2,1,1,0,1,0,0,0,0,0,0,0,1,1,0,0,1,1,1,1,1,1,0,1,0,0,0,0,0,1,4,2,2,4,2,1,5,1,1,5,5,5,1,1,1,5,5,1,1,5,5,-3,-3,-3,-3,1,1,48
364,2023/3/11 12:58:12,233秒,手机提交,直接访问,14.204.0.83(云南-昆明),1,3,2,3,1,2,1,1,0,0,0,0,1,0,0,0,0,1,1,0,0,1,1,0,0,0,0,0,1,1,0,0,1,0,1,2,3,2,4,2,1,4,5,3,5,5,5,5,4,3,4,5,3,3,3,4,-3,-3,-3,-3,2,1,63
365,2023/3/11 13:01:16,96秒,手机提交,直接访问,14.204.0.83(云南-昆明),1,3,4,3,4,2,1,1,0,1,0,0,1,0,0,0,0,0,1,0,0,1,1,0,0,0,0,0,1,1,0,0,1,0,0,2,2,2,4,2,1,4,5,3,5,5,5,4,3,3,3,5,3,3,2,2,-3,-3,-3,-3,2,1,57
366,2023/3/11 13:02:44,82秒,手机提交,直接访问,14.204.0.83(云南-昆明),1,3,4,3,7,2,1,1,0,1,0,0,1,0,0,0,0,1,1,0,0,1,1,0,0,0,0,0,1,1,0,0,1,0,0,2,2,2,4,2,1,3,4,3,5,5,5,4,3,3,4,5,3,3,3,4,-3,-3,-3,-3,2,1,59
367,2023/3/11 13:04:32,90秒,手机提交,直接访问,14.204.0.83(云南-昆明),1,3,4,3,10,2,1,1,0,1,0,0,1,0,0,0,0,0,1,0,0,1,1,0,0,0,0,0,1,1,0,0,0,0,1,2,2,2,4,2,1,4,5,2,5,5,5,3,3,2,4,5,2,4,2,5,-3,-3,-3,-3,2,1,58
368,2023/3/11 14:30:34,82秒,手机提交,直接访问,14.204.0.83(云南-昆明),1,4,2,3,10,2,1,0,1,0,0,0,1,0,0,0,1,0,0,0,0,1,1,0,0,0,0,0,1,1,0,0,1,0,0,2,2,2,4,2,1,4,5,3,4,5,5,4,3,2,2,5,2,4,2,5,-3,-3,-3,-3,2,1,57
369,2023/3/11 14:33:04,62秒,手机提交,直接访问,14.204.0.83(云南-昆明),1,4,2,3,5,3,1,0,1,0,0,0,1,0,0,0,1,0,0,0,0,1,0,0,1,0,0,0,1,0,0,0,1,0,0,3,3,2,4,2,1,4,5,2,5,5,5,4,2,2,2,5,2,2,2,3,-3,-3,-3,-3,2,1,52
370,2023/3/11 15:52:31,119秒,微信,N/A,39.144.145.52(云南-昆明),1,3,3,4,18,4,1,0,0,1,0,0,0,0,0,1,1,1,1,0,0,1,0,0,0,1,0,0,1,0,0,0,0,0,1,4,2,2,5,3,1,3,5,1,5,2,5,2,2,4,3,2,2,2,2,2,-3,-3,-3,-3,3,1,45
371,2023/3/11 15:57:13,183秒,微信,N/A,39.144.145.52(云南-昆明),1,3,3,4,14,4,1,1,0,1,0,0,0,0,0,0,0,1,1,0,0,1,0,1,0,1,1,0,1,0,0,0,0,0,1,3,2,2,4,2,1,3,4,2,5,2,5,2,2,2,3,4,2,2,2,2,-3,-3,-3,-3,2,1,44
372,2023/3/11 16:02:01,66秒,微信,N/A,39.144.145.52(云南-昆明),1,2,1,4,14,1,1,0,0,1,0,0,0,0,0,0,0,1,0,0,1,0,0,0,0,0,0,0,0,0,0,1,0,0,1,1,1,2,1,1,1,4,2,2,4,2,4,2,4,4,4,4,2,3,2,5,-3,-3,-3,-3,2,1,50
373,2023/3/11 16:03:37,87秒,微信,N/A,39.144.145.52(云南-昆明),1,2,1,4,14,1,2,-3,-3,-3,-3,-3,-3,-3,-3,-3,-3,-3,-3,-3,-3,-3,-3,-3,-3,-3,-3,-3,-3,-3,-3,-3,-3,-3,-3,-3,-3,-3,-3,-3,-3,-3,-3,-3,-3,-3,-3,-3,-3,-3,-3,-3,-3,-3,-3,-3,0,1,0,0,2,1,2
374,2023/3/11 16:04:03,17秒,微信,N/A,39.144.145.52(云南-昆明),1,2,1,4,2,1,2,-3,-3,-3,-3,-3,-3,-3,-3,-3,-3,-3,-3,-3,-3,-3,-3,-3,-3,-3,-3,-3,-3,-3,-3,-3,-3,-3,-3,-3,-3,-3,-3,-3,-3,-3,-3,-3,-3,-3,-3,-3,-3,-3,-3,-3,-3,-3,-3,-3,0,1,0,0,3,1,3
375,2023/3/11 16:04:25,16秒,微信,N/A,39.144.145.52(云南-昆明),1,2,1,4,19,1,2,-3,-3,-3,-3,-3,-3,-3,-3,-3,-3,-3,-3,-3,-3,-3,-3,-3,-3,-3,-3,-3,-3,-3,-3,-3,-3,-3,-3,-3,-3,-3,-3,-3,-3,-3,-3,-3,-3,-3,-3,-3,-3,-3,-3,-3,-3,-3,-3,-3,0,1,0,0,4,1,4
376,2023/3/11 16:04:50,18秒,微信,N/A,39.144.145.52(云南-昆明),1,2,1,4,18,1,2,-3,-3,-3,-3,-3,-3,-3,-3,-3,-3,-3,-3,-3,-3,-3,-3,-3,-3,-3,-3,-3,-3,-3,-3,-3,-3,-3,-3,-3,-3,-3,-3,-3,-3,-3,-3,-3,-3,-3,-3,-3,-3,-3,-3,-3,-3,-3,-3,-3,0,1,0,0,2,2,2
377,2023/3/11 16:05:26,31秒,微信,N/A,39.144.145.52(云南-昆明),1,2,1,4,25,1,2,-3,-3,-3,-3,-3,-3,-3,-3,-3,-3,-3,-3,-3,-3,-3,-3,-3,-3,-3,-3,-3,-3,-3,-3,-3,-3,-3,-3,-3,-3,-3,-3,-3,-3,-3,-3,-3,-3,-3,-3,-3,-3,-3,-3,-3,-3,-3,-3,-3,1,1,0,0,3,1,3
378,2023/3/11 16:05:54,21秒,微信,N/A,39.144.145.52(云南-昆明),1,3,4,4,22,2,2,-3,-3,-3,-3,-3,-3,-3,-3,-3,-3,-3,-3,-3,-3,-3,-3,-3,-3,-3,-3,-3,-3,-3,-3,-3,-3,-3,-3,-3,-3,-3,-3,-3,-3,-3,-3,-3,-3,-3,-3,-3,-3,-3,-3,-3,-3,-3,-3,-3,1,1,0,0,2,2,2
379,2023/3/11 16:06:53,49秒,微信,N/A,39.144.145.52(云南-昆明),1,3,5,3,5,3,2,-3,-3,-3,-3,-3,-3,-3,-3,-3,-3,-3,-3,-3,-3,-3,-3,-3,-3,-3,-3,-3,-3,-3,-3,-3,-3,-3,-3,-3,-3,-3,-3,-3,-3,-3,-3,-3,-3,-3,-3,-3,-3,-3,-3,-3,-3,-3,-3,-3,1,1,0,0,2,2,2
380,2023/3/11 16:07:40,41秒,微信,N/A,39.144.145.52(云南-昆明),1,3,2,3,14,2,2,-3,-3,-3,-3,-3,-3,-3,-3,-3,-3,-3,-3,-3,-3,-3,-3,-3,-3,-3,-3,-3,-3,-3,-3,-3,-3,-3,-3,-3,-3,-3,-3,-3,-3,-3,-3,-3,-3,-3,-3,-3,-3,-3,-3,-3,-3,-3,-3,-3,1,1,0,0,3,1,3
381,2023/3/11 16:08:02,17秒,微信,N/A,39.144.145.52(云南-昆明),1,3,5,3,14,3,2,-3,-3,-3,-3,-3,-3,-3,-3,-3,-3,-3,-3,-3,-3,-3,-3,-3,-3,-3,-3,-3,-3,-3,-3,-3,-3,-3,-3,-3,-3,-3,-3,-3,-3,-3,-3,-3,-3,-3,-3,-3,-3,-3,-3,-3,-3,-3,-3,-3,1,1,0,0,3,2,3
382,2023/3/11 16:08:48,41秒,微信,N/A,39.144.145.52(云南-昆明),1,3,2,3,13,3,2,-3,-3,-3,-3,-3,-3,-3,-3,-3,-3,-3,-3,-3,-3,-3,-3,-3,-3,-3,-3,-3,-3,-3,-3,-3,-3,-3,-3,-3,-3,-3,-3,-3,-3,-3,-3,-3,-3,-3,-3,-3,-3,-3,-3,-3,-3,-3,-3,-3,1,1,0,0,3,2,3
383,2023/3/11 16:11:00,111秒,微信,N/A,39.144.145.52(云南-昆明),1,3,2,3,13,4,2,-3,-3,-3,-3,-3,-3,-3,-3,-3,-3,-3,-3,-3,-3,-3,-3,-3,-3,-3,-3,-3,-3,-3,-3,-3,-3,-3,-3,-3,-3,-3,-3,-3,-3,-3,-3,-3,-3,-3,-3,-3,-3,-3,-3,-3,-3,-3,-3,-3,1,1,0,0,3,1,3
384,2023/3/11 16:11:23,18秒,微信,N/A,39.144.145.52(云南-昆明),1,3,2,3,17,4,3,-3,-3,-3,-3,-3,-3,-3,-3,-3,-3,-3,-3,-3,-3,-3,-3,-3,-3,-3,-3,-3,-3,-3,-3,-3,-3,-3,-3,-3,-3,-3,-3,-3,-3,-3,-3,-3,-3,-3,-3,-3,-3,-3,-3,-3,-3,-3,-3,-3,1,1,0,0,2,2,2
385,2023/3/11 16:12:21,35秒,微信,N/A,39.144.145.52(云南-昆明),1,3,2,3,5,3,2,-3,-3,-3,-3,-3,-3,-3,-3,-3,-3,-3,-3,-3,-3,-3,-3,-3,-3,-3,-3,-3,-3,-3,-3,-3,-3,-3,-3,-3,-3,-3,-3,-3,-3,-3,-3,-3,-3,-3,-3,-3,-3,-3,-3,-3,-3,-3,-3,-3,1,1,0,0,2,1,2
386,2023/3/11 16:12:43,16秒,微信,N/A,39.144.145.52(云南-昆明),1,3,2,3,20,4,2,-3,-3,-3,-3,-3,-3,-3,-3,-3,-3,-3,-3,-3,-3,-3,-3,-3,-3,-3,-3,-3,-3,-3,-3,-3,-3,-3,-3,-3,-3,-3,-3,-3,-3,-3,-3,-3,-3,-3,-3,-3,-3,-3,-3,-3,-3,-3,-3,-3,1,1,0,0,2,2,2
387,2023/3/11 16:13:10,23秒,微信,N/A,39.144.145.52(云南-昆明),1,3,2,2,15,4,2,-3,-3,-3,-3,-3,-3,-3,-3,-3,-3,-3,-3,-3,-3,-3,-3,-3,-3,-3,-3,-3,-3,-3,-3,-3,-3,-3,-3,-3,-3,-3,-3,-3,-3,-3,-3,-3,-3,-3,-3,-3,-3,-3,-3,-3,-3,-3,-3,-3,1,1,0,0,2,1,2
388,2023/3/11 16:13:34,19秒,微信,N/A,39.144.145.52(云南-昆明),1,3,2,2,25,4,2,-3,-3,-3,-3,-3,-3,-3,-3,-3,-3,-3,-3,-3,-3,-3,-3,-3,-3,-3,-3,-3,-3,-3,-3,-3,-3,-3,-3,-3,-3,-3,-3,-3,-3,-3,-3,-3,-3,-3,-3,-3,-3,-3,-3,-3,-3,-3,-3,-3,1,1,0,0,3,1,3
389,2023/3/11 18:11:48,342秒,微信,N/A,39.144.145.52(云南-昆明),1,3,2,3,13,4,1,0,0,1,0,0,0,0,0,0,1,1,1,0,0,1,1,1,1,1,1,0,1,1,1,0,1,0,1,5,2,2,5,2,2,5,2,2,5,4,5,2,2,2,2,2,2,2,2,4,-3,-3,-3,-3,2,1,45
390,2023/3/11 18:17:43,274秒,微信,N/A,39.144.145.52(云南-昆明),1,2,4,4,13,2,1,0,0,1,0,0,0,0,0,0,1,1,1,0,0,1,1,1,1,1,0,0,1,0,0,0,0,0,1,4,3,2,4,3,2,5,5,1,5,5,5,1,5,5,5,5,1,5,1,1,-3,-3,-3,-3,2,1,57
391,2023/3/11 18:32:25,368秒,微信,N/A,39.144.145.52(云南-昆明),1,3,2,3,14,4,1,0,0,1,1,0,0,1,0,0,0,1,1,0,0,1,1,1,1,0,0,0,1,0,0,0,0,0,1,5,3,2,5,4,1,1,5,5,5,5,5,1,5,5,5,5,1,1,1,5,-3,-3,-3,-3,5,1,60
392,2023/3/11 18:39:22,340秒,微信,N/A,39.144.145.52(云南-昆明),1,3,3,3,29,4,1,1,0,1,0,0,0,1,0,0,1,1,1,0,1,1,1,1,1,1,1,0,1,0,0,0,1,0,1,5,5,3,3,4,1,2,1,1,5,5,5,1,1,5,1,5,1,1,1,1,-3,-3,-3,-3,5,1,41
393,2023/3/11 18:47:53,302秒,微信,N/A,39.144.145.52(云南-昆明),2,3,4,4,13,4,1,0,0,1,0,0,0,0,0,0,0,1,1,0,1,1,1,1,0,1,0,0,1,1,0,0,0,0,1,5,2,2,6,3,1,5,1,1,5,5,5,1,5,5,5,5,1,1,1,5,-3,-3,-3,-3,4,1,55
394,2023/3/11 18:50:56,136秒,微信,N/A,39.144.145.52(云南-昆明),2,3,2,3,19,4,1,1,1,1,0,0,0,0,0,0,1,1,1,0,1,1,0,0,1,1,1,0,1,0,1,0,0,0,1,5,3,2,5,3,1,5,5,1,5,5,5,5,1,5,5,5,1,1,1,5,-3,-3,-3,-3,5,1,60
395,2023/3/11 18:53:44,93秒,微信,N/A,39.144.145.52(云南-昆明),2,3,2,3,14,4,1,1,0,1,0,0,0,0,0,0,1,1,1,0,1,1,1,1,0,1,0,0,1,1,0,0,1,0,1,4,3,2,6,3,1,5,5,1,5,5,5,1,5,5,5,5,1,5,5,5,-3,-3,-3,-3,3,1,66
396,2023/3/11 18:57:08,106秒,微信,N/A,39.144.145.52(云南-昆明),2,2,1,4,17,1,1,0,0,1,0,0,0,0,0,0,0,1,0,0,1,1,0,0,0,1,0,0,0,1,0,0,1,0,0,4,2,2,4,2,1,5,5,1,5,5,5,5,5,5,5,5,1,5,5,5,-3,-3,-3,-3,2,1,69
397,2023/3/11 19:00:28,131秒,微信,N/A,39.144.145.52(云南-昆明),2,3,5,4,19,4,1,1,1,1,0,0,0,1,0,0,1,1,1,0,1,1,1,1,1,1,1,0,1,1,0,0,0,1,1,5,2,2,5,2,2,5,5,4,5,5,5,5,5,5,5,5,1,1,1,1,-3,-3,-3,-3,4,1,62
398,2023/3/11 19:05:54,496秒,微信,N/A,111.37.64.111(山东-烟台),2,5,5,2,11,1,3,-3,-3,-3,-3,-3,-3,-3,-3,-3,-3,-3,-3,-3,-3,-3,-3,-3,-3,-3,-3,-3,-3,-3,-3,-3,-3,-3,-3,-3,-3,-3,-3,-3,-3,-3,-3,-3,-3,-3,-3,-3,-3,-3,-3,-3,-3,-3,-3,-3,0,0,1,0,1,1,1
399,2023/3/11 19:09:25,159秒,微信,N/A,39.144.145.52(云南-昆明),2,3,2,4,15,4,1,0,1,1,1,0,0,0,0,0,1,1,1,0,0,1,0,0,0,1,0,0,1,1,0,0,0,0,1,6,2,2,6,3,2,5,5,1,5,5,5,5,5,5,5,5,1,1,5,5,-3,-3,-3,-3,2,1,65
400,2023/3/11 20:51:20,51秒,微信,N/A,39.129.5.5(云南-昆明),1,1,1,1,8,1,1,0,0,1,0,0,0,0,0,0,0,1,0,0,0,0,0,0,1,0,0,0,1,0,0,0,1,0,0,1,1,2,1,1,1,5,5,5,5,5,5,5,5,5,5,5,5,5,5,5,-3,-3,-3,-3,5,1,80
401,2023/3/11 20:53:44,54秒,微信,N/A,39.129.5.5(云南-昆明),1,7,6,5,29,4,1,1,0,0,1,0,1,0,0,0,0,0,0,0,1,0,0,0,1,0,0,0,1,1,1,0,0,1,0,6,5,3,6,6,1,5,5,5,5,5,5,5,5,5,5,5,5,5,5,5,-3,-3,-3,-3,5,1,80
402,2023/3/11 20:53:51,677秒,微信,N/A,39.129.5.201(云南-昆明),1,3,4,4,13,2,1,1,0,1,0,0,0,1,0,0,1,1,1,0,1,0,0,1,1,1,0,0,1,0,0,0,0,0,1,4,2,2,5,4,2,5,2,1,5,5,5,1,5,5,5,5,1,1,1,1,-3,-3,-3,-3,4,1,52
403,2023/3/11 20:54:54,59秒,微信,N/A,39.129.5.5(云南-昆明),1,2,2,1,19,2,1,0,0,1,0,0,0,0,0,0,1,1,1,0,1,0,0,0,0,0,0,0,1,1,0,0,1,1,0,6,2,2,6,3,1,5,5,5,5,5,5,5,5,5,5,5,5,5,5,5,-3,-3,-3,-3,5,1,80
404,2023/3/11 20:55:57,56秒,微信,N/A,39.129.5.5(云南-昆明),1,7,6,4,31,2,1,1,0,1,0,0,1,0,0,0,0,0,0,0,0,0,0,0,1,1,1,0,1,0,0,0,1,1,0,6,1,2,6,3,1,5,5,5,5,5,5,5,5,5,5,5,5,5,5,5,-3,-3,-3,-3,5,1,80
405,2023/3/11 20:56:00,109秒,微信,N/A,39.129.5.201(云南-昆明),2,3,2,3,25,3,1,1,1,1,0,0,0,1,0,0,1,1,1,0,1,1,1,0,1,1,0,0,1,1,1,0,1,0,1,4,2,2,5,3,2,5,5,1,5,5,5,4,5,5,5,5,1,5,4,5,-3,-3,-3,-3,4,1,69
406,2023/3/11 20:56:16,182秒,微信,N/A,117.136.72.116(云南-昆明),1,4,3,4,19,2,2,-3,-3,-3,-3,-3,-3,-3,-3,-3,-3,-3,-3,-3,-3,-3,-3,-3,-3,-3,-3,-3,-3,-3,-3,-3,-3,-3,-3,-3,-3,-3,-3,-3,-3,-3,-3,-3,-3,-3,-3,-3,-3,-3,-3,-3,-3,-3,-3,-3,1,0,0,0,4,1,4
407,2023/3/11 20:56:52,48秒,微信,N/A,39.129.5.5(云南-昆明),1,1,1,1,7,1,1,0,0,1,0,0,0,0,0,0,0,1,0,0,0,0,1,0,1,1,1,0,1,0,0,0,1,0,0,4,3,2,5,3,1,5,5,5,5,5,5,5,5,5,5,5,5,5,5,5,-3,-3,-3,-3,3,1,78
408,2023/3/11 20:57:42,44秒,微信,N/A,39.129.5.5(云南-昆明),1,1,1,1,12,1,1,0,0,1,0,0,0,0,0,0,0,1,0,0,0,0,0,1,1,1,1,0,1,0,0,0,1,0,0,3,3,2,2,3,1,1,1,1,1,1,1,1,1,1,1,1,1,1,1,1,-3,-3,-3,-3,3,1,18
409,2023/3/11 20:57:54,89秒,微信,N/A,117.136.72.116(云南-昆明),2,3,4,5,19,2,1,1,1,0,0,0,0,0,1,0,0,1,1,0,1,0,0,0,0,0,0,0,1,0,0,0,0,0,1,2,2,2,2,2,1,5,5,1,5,4,5,5,1,1,1,1,1,1,1,4,-3,-3,-3,-3,4,1,45
410,2023/3/11 20:58:12,120秒,微信,N/A,39.129.5.201(云南-昆明),1,3,2,3,14,3,1,1,1,1,1,0,0,1,0,0,0,1,1,0,0,1,1,0,1,1,0,0,1,1,1,0,1,0,1,5,2,2,4,4,2,5,5,1,5,5,5,5,5,5,5,5,1,1,5,5,-3,-3,-3,-3,2,1,65
411,2023/3/11 20:58:43,55秒,微信,N/A,39.129.5.5(云南-昆明),1,4,5,2,14,2,1,0,0,1,0,0,0,0,0,0,1,1,1,0,0,0,0,1,1,1,0,0,1,0,0,0,1,0,0,4,3,2,4,3,1,1,5,5,5,5,5,5,5,5,5,5,5,5,5,5,-3,-3,-3,-3,3,1,74
412,2023/3/11 20:59:29,31秒,微信,N/A,39.129.5.201(云南-昆明),1,2,1,4,19,1,2,-3,-3,-3,-3,-3,-3,-3,-3,-3,-3,-3,-3,-3,-3,-3,-3,-3,-3,-3,-3,-3,-3,-3,-3,-3,-3,-3,-3,-3,-3,-3,-3,-3,-3,-3,-3,-3,-3,-3,-3,-3,-3,-3,-3,-3,-3,-3,-3,-3,1,1,0,0,3,1,3
413,2023/3/11 20:59:52,60秒,微信,N/A,39.129.5.5(云南-昆明),1,7,6,1,17,1,1,0,0,1,0,0,0,0,0,0,0,1,0,0,1,0,0,1,1,1,1,0,1,0,0,0,1,0,1,3,3,2,4,3,1,5,5,5,5,5,5,5,5,5,5,5,5,5,5,5,-3,-3,-3,-3,5,1,80
414,2023/3/11 21:00:35,61秒,微信,N/A,117.136.72.116(云南-昆明),1,3,3,5,19,3,1,1,0,1,0,0,1,0,0,0,1,1,0,0,1,0,0,0,0,0,0,0,1,0,0,0,0,0,1,3,2,2,3,2,1,4,4,2,4,4,4,4,4,3,3,3,3,3,3,3,-3,-3,-3,-3,4,1,55
415,2023/3/11 21:00:46,422秒,手机提交,直接访问,39.129.5.14(云南-昆明),1,4,4,3,3,2,1,1,0,0,0,0,0,0,0,0,1,0,0,0,0,1,0,0,0,0,0,0,1,0,0,0,1,0,0,3,2,2,4,2,1,4,4,3,4,4,4,3,4,3,4,4,3,3,3,4,-3,-3,-3,-3,2,1,56
416,2023/3/11 21:01:30,47秒,微信,N/A,117.136.72.116(云南-昆明),2,4,4,5,19,3,1,1,0,1,0,0,0,1,1,0,0,0,1,0,1,0,0,0,0,0,0,0,1,0,1,0,0,0,1,3,2,2,3,3,1,4,3,2,3,4,4,4,4,3,3,3,3,3,3,3,-3,-3,-3,-3,3,1,52
417,2023/3/11 21:02:30,97秒,手机提交,直接访问,39.129.5.14(云南-昆明),1,4,4,3,4,3,1,0,1,0,0,0,0,0,0,0,1,0,0,0,0,0,1,0,0,0,0,0,1,0,0,0,1,0,0,4,3,2,5,3,1,4,4,3,4,4,4,3,5,3,4,4,3,4,3,4,-3,-3,-3,-3,3,1,59
418,2023/3/11 21:05:31,175秒,手机提交,直接访问,39.129.5.14(云南-昆明),1,4,2,3,9,2,1,1,0,0,0,0,0,0,0,0,1,0,0,0,0,0,1,0,0,0,0,0,1,0,0,0,1,0,0,3,3,2,5,2,1,3,3,3,3,3,3,3,3,3,3,3,3,3,3,3,-3,-3,-3,-3,3,1,48
419,2023/3/11 21:06:09,288秒,微信,N/A,39.129.5.201(云南-昆明),1,3,3,3,17,4,1,1,0,1,0,0,0,0,0,0,1,1,0,0,0,1,1,0,0,1,0,0,1,1,1,0,1,0,1,4,3,3,6,4,1,4,4,3,4,4,4,4,3,3,4,4,3,3,3,4,-3,-3,-3,-3,2,1,56
420,2023/3/11 21:35:43,277秒,微信,N/A,39.144.145.52(云南-昆明),1,4,3,3,19,4,1,1,1,1,0,0,0,1,0,0,1,1,1,0,0,1,0,0,0,0,0,0,1,1,1,0,1,0,1,5,2,3,6,3,1,4,4,3,5,4,5,4,4,3,4,4,3,3,3,4,-3,-3,-3,-3,3,1,60
421,2023/3/11 21:47:26,143秒,微信,N/A,39.129.5.210(云南-昆明),1,4,3,3,14,3,1,1,1,1,0,0,0,1,0,0,1,1,1,0,0,1,1,0,1,1,0,0,1,1,1,0,1,0,1,4,2,3,6,4,2,4,4,3,4,4,4,4,4,4,4,4,3,3,4,4,-3,-3,-3,-3,2,1,59
422,2023/3/11 21:51:14,59秒,微信,N/A,39.129.5.5(云南-昆明),1,3,1,5,13,1,1,0,0,1,0,0,0,0,0,0,0,1,0,0,0,0,1,0,1,1,1,0,0,1,0,0,0,1,0,5,2,2,4,2,1,4,4,4,4,4,4,4,3,3,4,4,3,4,3,4,-3,-3,-3,-3,4,1,60
423,2023/3/11 21:51:20,225秒,微信,N/A,39.129.5.210(云南-昆明),1,4,3,3,19,4,1,1,1,1,0,0,1,1,1,1,1,1,1,0,1,1,1,1,1,1,1,0,1,1,1,0,1,1,1,4,3,3,4,4,1,4,4,4,4,4,4,4,4,4,4,4,4,4,4,4,-3,-3,-3,-3,3,1,63
424,2023/3/11 21:52:32,57秒,微信,N/A,39.129.5.5(云南-昆明),1,2,1,4,15,1,1,0,0,1,0,0,0,0,0,0,0,1,0,0,0,0,0,0,1,1,1,0,1,0,0,0,1,0,0,5,3,2,6,2,1,4,3,4,3,4,3,4,3,4,3,4,3,4,3,4,-3,-3,-3,-3,3,1,56
425,2023/3/11 21:53:27,48秒,微信,N/A,39.129.5.5(云南-昆明),1,1,1,1,18,1,1,1,1,1,1,0,0,0,1,1,1,1,0,0,1,1,1,1,0,0,0,0,1,1,0,0,0,1,0,4,3,2,4,2,1,4,3,4,3,4,3,4,3,4,3,4,3,4,3,4,-3,-3,-3,-3,4,1,57
426,2023/3/11 21:55:57,269秒,微信,N/A,39.129.5.210(云南-昆明),2,3,3,3,13,4,1,1,1,1,0,0,0,1,0,0,1,1,1,0,1,1,1,1,1,1,1,0,1,1,1,0,1,0,1,4,2,3,5,3,2,4,4,4,4,4,4,4,4,4,4,4,4,4,4,4,-3,-3,-3,-3,3,1,63
427,2023/3/11 21:56:47,73秒,微信,N/A,39.129.5.5(云南-昆明),2,2,2,2,9,1,1,0,0,1,0,0,0,0,0,0,1,0,0,0,0,0,1,0,1,0,0,0,1,0,0,0,1,1,0,4,3,2,5,3,1,4,3,4,3,4,3,4,3,4,3,4,3,4,3,4,-3,-3,-3,-3,4,1,57
428,2023/3/11 21:59:38,175秒,微信,N/A,39.129.5.210(云南-昆明),1,4,3,3,14,3,1,1,0,1,1,0,0,1,0,0,1,1,1,0,1,1,1,1,1,1,1,0,1,0,1,0,1,0,0,4,2,3,5,3,2,4,4,4,4,4,4,4,4,4,4,4,4,4,4,4,-3,-3,-3,-3,3,1,63
429,2023/3/11 22:01:57,64秒,微信,N/A,39.129.5.5(云南-昆明),2,5,4,4,2,2,1,0,0,1,0,0,0,0,0,0,0,1,0,0,0,0,0,0,1,1,1,0,1,0,0,0,1,0,0,5,3,2,6,2,1,4,3,4,3,4,3,4,3,4,3,4,3,4,3,4,-3,-3,-3,-3,5,1,58
430,2023/3/11 22:02:47,169秒,微信,N/A,39.129.5.210(云南-昆明),1,4,3,3,14,4,1,1,0,1,0,0,0,0,0,0,0,1,1,0,0,0,1,1,1,1,0,0,1,0,1,0,0,0,1,5,2,3,6,3,2,4,4,5,5,5,5,5,5,5,4,4,4,4,4,4,-3,-3,-3,-3,3,1,70
431,2023/3/11 22:04:24,83秒,微信,N/A,39.129.5.210(云南-昆明),2,7,6,2,13,1,1,1,0,1,1,0,0,1,0,0,1,1,1,0,1,1,1,0,0,1,0,0,1,0,1,0,1,0,1,4,2,3,5,3,2,4,4,4,4,4,4,4,4,4,4,4,4,4,4,4,-3,-3,-3,-3,3,1,63
432,2023/3/11 22:06:51,24秒,微信,N/A,39.129.5.210(云南-昆明),2,7,6,2,14,1,3,-3,-3,-3,-3,-3,-3,-3,-3,-3,-3,-3,-3,-3,-3,-3,-3,-3,-3,-3,-3,-3,-3,-3,-3,-3,-3,-3,-3,-3,-3,-3,-3,-3,-3,-3,-3,-3,-3,-3,-3,-3,-3,-3,-3,-3,-3,-3,-3,-3,1,1,0,0,2,2,2
